"review_id","rating","review","review_date"
9334216105,1,"Item did not fit, very disappointed.",2023-02-03
9127876394,1,"Not as advertised, very disappointed.",2014-06-17
5109595661,1,"Cheap materials, do not recommend.",2020-06-04
7754409049,1,"Not worth the price, very disappointed.",2023-04-17
4043134279,1,"Not worth the price, very disappointed.",2014-05-31
6536884137,1,"Waste of money, very disappointed.",2018-03-22
4875385554,1,"Item never arrived, terrible experience.",2010-04-04
6879113478,1,"Product arrived damaged, do not recommend.",2013-09-15
2000896329,1,"Item never arrived, terrible experience.",2017-11-29
4431341876,1,"Received wrong color, very disappointed.",2016-06-23
4844169692,1,"Horrible quality, fell apart after one use.",2016-04-20
1407331403,1,"Product did not work as intended, very disappointed.",2013-10-01
4489188698,1,"Misleading description, not what I expected.",2012-08-24
4240468756,1,"Waste of money, very disappointed.",2011-02-05
9592587182,1,"Worst purchase ever, do not recommend.",2020-10-09
6926264030,1,"Defective product, would not buy again.",2019-04-12
7088739271,1,"Poorly packaged, arrived damaged.",2012-12-08
7162873382,1,"Not as advertised, very disappointed.",2022-03-15
8099996144,1,"Low-quality item, waste of money.",2010-02-01
6670907916,1,"Poor quality, not durable at all.",2020-02-26
1401962878,1,"Disappointed with purchase, regret buying.",2017-02-10
9394406815,1,"Cheaply made, fell apart quickly.",2011-11-06
9222448598,1,"Misleading description, not what I expected.",2023-09-05
5555797150,1,"Received wrong color, very disappointed.",2021-09-02
1611159197,1,"Faulty product, wasted my money.",2017-08-19
2373589190,1,"Received wrong size, frustrating experience.",2015-04-27
5685964372,1,"Broken upon arrival, terrible experience.",2021-09-08
3659705906,1,"Item fell apart after a few uses.",2013-06-02
8460717929,1,"Poor quality, broke after a few uses.",2012-08-24
7182293451,1,"Item arrived late, poor service.",2016-01-25
6287787829,1,"Not durable at all, fell apart.",2017-06-26
6904358142,1,"Item arrived broken, terrible experience.",2014-04-22
6436121413,1,"Product arrived incomplete, very disappointed.",2023-09-02
3654363466,1,"Broken upon arrival, terrible experience.",2013-06-04
3552658741,1,"Item never arrived, very frustrating.",2013-09-12
7719859142,1,"Low-quality item, waste of money.",2013-11-09
6472473676,1,"Product did not work, very disappointed.",2020-06-01
3460433693,1,"Cheap materials, not worth the price.",2012-08-24
7877840344,1,"Cheaply made, not durable at all.",2020-02-05
7051385897,1,"Product arrived damaged, do not recommend.",2011-03-08
3947943815,1,"Product did not work as intended, very disappointed.",2015-02-12
7347329388,1,"Received damaged item, very disappointed.",2013-11-10
9227823180,1,"Extremely disappointed, do not recommend.",2010-12-08
7623137528,1,"Cheap material, fell apart quickly.",2014-06-01
5951625132,1,"Did not meet expectations, very unhappy.",2022-10-10
3844601332,1,"Unusable product, complete waste of money.",2020-06-29
5163368871,1,"Item arrived broken, very disappointed.",2017-07-30
6399656647,1,"Product did not work, total disappointment.",2021-07-06
6443979252,1,"Not durable at all, fell apart.",2012-11-28
1721840006,1,"Poorly made, fell apart immediately.",2017-04-06
9023502075,1,"Item did not match description, very disappointed.",2022-03-13
8190606654,1,"Item broke after one use, very disappointed.",2010-07-02
7771070489,1,"Item arrived broken, very disappointed.",2013-06-02
9675950776,1,"Product arrived incomplete, very disappointed.",2014-10-28
1027005554,1,"Disappointed with purchase, regret buying.",2010-11-29
8603534901,1,"Dissatisfied with purchase, regret buying.",2011-09-16
3003440394,1,"Misleading description, very disappointed.",2012-07-11
4258131225,1,"Misleading description, not what I expected.",2016-12-31
5573837779,1,"Product did not work, very disappointed.",2010-01-17
3878819384,1,"Misleading description, not what I expected.",2016-05-12
1308863332,1,"Cheaply made, fell apart quickly.",2014-07-14
5720348288,1,"Item arrived late and damaged.",2022-02-16
5335454064,1,"Extremely disappointed, do not recommend.",2011-10-13
8001373468,1,"Defective product, would not buy again.",2014-07-26
5330255316,1,"Dissatisfied with purchase, regret buying.",2019-08-17
5532493011,1,"Received damaged item, very disappointed.",2023-10-29
8884324061,1,"Poorly made, fell apart immediately.",2016-04-10
6748353601,1,"Poor quality, not durable at all.",2013-10-30
2349811736,1,"Cheaply made, not durable at all.",2012-12-05
2781276305,1,"Unusable product, complete waste of money.",2020-02-10
6261655173,1,"Worst purchase ever, do not recommend.",2018-07-05
3212178366,1,"Product did not work, total disappointment.",2016-03-28
5234652468,1,"Regret purchasing, poor craftsmanship.",2021-05-25
6123138960,1,"Terrible product, broke after one use.",2018-01-22
2560398000,1,"Horrible quality, fell apart immediately.",2010-12-20
5371277847,1,"Cheap materials, do not recommend.",2022-10-23
2811830722,1,"Cheap material, fell apart quickly.",2015-09-07
7249613476,1,"Not worth the price, cheaply made.",2012-05-30
5171863484,1,"Received wrong size, frustrating experience.",2013-03-31
6895734505,1,"Horrible quality, fell apart immediately.",2016-11-06
9220520303,1,"Not as described, very disappointed.",2022-10-28
9530043670,1,"Item broke after one use, very disappointed.",2011-10-14
8218942243,1,"Misleading description, very disappointed.",2020-07-19
6219123065,1,"Did not meet expectations, very unhappy.",2015-12-12
3054948650,1,"Received wrong item, frustrating experience.",2011-07-06
5093546571,1,"Item did not match description, very disappointed.",2016-10-07
9575400989,1,"Disappointed with purchase, regret buying.",2022-11-21
1464616622,1,"Item arrived broken, terrible experience.",2016-07-20
5987177074,1,NA,2014-05-23
4142658655,1,NA,2011-04-26
4043345065,1,NA,2023-08-16
6797330323,1,NA,2020-10-29
6311292380,1,NA,2020-03-22
6004891582,1,NA,2014-05-18
6283229938,1,NA,2010-11-14
8775590410,1,NA,2010-08-22
2835778433,1,NA,2022-08-04
8790743241,1,NA,2012-03-05
8207939535,1,NA,2011-12-21
4013285441,1,NA,2023-08-22
6382016174,1,NA,2023-12-19
6588344155,1,NA,2011-09-26
9750466256,1,NA,2015-06-19
2300951147,1,NA,2023-04-23
4174127941,1,NA,2023-06-16
7595102280,1,NA,2011-07-01
9983598341,1,NA,2010-08-03
5364373046,1,NA,2015-11-18
8598977914,1,NA,2022-06-09
9186402403,1,NA,2015-06-12
5078482819,1,NA,2013-07-20
9668811541,1,NA,2011-02-24
4773878295,1,NA,2014-01-28
7797821646,1,NA,2013-03-15
1747293994,1,NA,2015-07-21
7999644348,2,"Not as described, somewhat disappointed.",2022-04-04
9560088445,2,"Could be better, not satisfied.",2019-03-02
9125661502,2,"Expected more for the price, somewhat disappointed.",2016-02-27
5484622149,2,"Expected better quality for the price.",2012-04-10
8625334903,2,"Below average quality, somewhat disappointed.",2022-08-15
2556499954,2,"Product doesn't meet expectations, somewhat disappointed.",2015-03-15
5741937232,2,"Somewhat disappointed with the product.",2015-11-08
4202487771,2,"Average quality, could be improved.",2012-12-28
3043318574,2,"Disappointed with the quality, expected more.",2018-10-27
2924774870,2,"Quality could be improved, not entirely satisfied.",2016-02-14
3364900791,2,"Item arrived with some defects, not pleased.",2021-01-09
6513516353,2,"Not as good as I hoped, slightly disappointed.",2020-10-04
4703985575,2,"Average product, nothing special.",2018-10-06
3346868830,2,"Could be better, not satisfied.",2011-01-28
7137291130,2,"Not satisfied with the purchase, expected more.",2018-09-17
8128005303,2,"Disappointed with the purchase, expected more.",2021-08-15
2651179967,2,"Slightly disappointed with the purchase.",2020-10-27
9568183710,2,"Average item, not entirely satisfied.",2017-03-30
8378288151,2,"Could be better, not entirely satisfied.",2014-02-20
3631912208,2,"Not what I expected, somewhat disappointed.",2015-02-17
7085599224,2,"Item arrived late, slightly disappointed.",2021-04-13
4970575382,2,"Slightly disappointed with the quality.",2020-02-17
8749238060,2,NA,2017-11-15
9801982700,2,NA,2016-03-16
8280063193,2,NA,2015-08-19
9110475621,2,NA,2020-06-30
3206678144,2,NA,2015-08-20
8101475454,2,NA,2019-08-09
3902970040,2,NA,2017-03-28
2077105888,2,NA,2023-04-02
4519546358,2,NA,2022-09-09
3102119704,2,NA,2016-03-24
6408389246,3,"Satisfactory product, meets expectations.",2019-05-02
1520817671,3,"Met expectations, but not outstanding.",2017-10-20
5836464387,3,"Average quality, nothing special.",2022-04-26
8253020591,3,"Decent quality, serves its purpose.",2019-11-28
8447249165,3,"Met my basic needs, but not exceptional.",2014-08-20
3457056301,3,"Does what it's supposed to, meets expectations.",2011-08-27
8457512667,3,"Okay product, serves its purpose.",2019-04-06
9629337209,3,"Functional purchase, meets expectations.",2021-09-15
5075167428,3,"Adequate item, does the job.",2023-02-13
4818286248,3,"Meets expectations, nothing exceptional.",2022-02-15
3780723191,3,"Does the job, but nothing special.",2011-09-17
2163143236,3,"Fair item, meets basic requirements.",2022-04-27
6024105233,3,"Met my basic needs, but not exceptional.",2011-10-28
1460843978,3,"Met my basic needs, but not exceptional.",2018-09-05
1638238414,3,"Satisfactory quality, meets basic needs.",2015-11-17
6252223182,3,"Fair quality, meets basic needs.",2016-11-09
4260548387,3,"Does what it's supposed to, meets expectations.",2019-11-07
9808483907,3,"Does what it's supposed to, meets expectations.",2019-10-24
3870444773,3,"Satisfactory product, meets expectations.",2015-03-24
5311682396,3,"Fair quality, nothing special.",2019-10-10
6667475186,3,"Does what it's supposed to, nothing more.",2013-11-11
3939836695,3,"Functional item, serves its purpose.",2011-04-14
6171561799,3,"Average quality, nothing special.",2010-07-15
5191387007,3,"Satisfactory product, meets expectations.",2015-11-13
2793333193,3,"Decent quality, meets basic requirements.",2017-10-03
2741248385,3,"Met my basic needs, but not exceptional.",2017-07-14
9429348154,3,"Functional purchase, meets requirements.",2010-10-27
9194593223,3,"Does what it's supposed to, meets expectations.",2019-07-19
1501793556,3,"Functional item, serves its purpose.",2010-06-20
6452023912,3,"Decent product, meets basic requirements.",2018-09-20
9245715082,3,"Fair product, meets basic needs.",2019-03-25
8547659082,3,"Average purchase, does the job.",2013-02-20
1961122936,3,"Okay purchase, does what I need.",2019-01-31
7723654754,3,"Functional item, serves its purpose.",2020-01-27
6976470951,3,"Functional item, serves its purpose.",2022-01-04
8960451333,3,"Met my basic needs, but not exceptional.",2018-09-13
7187021900,3,NA,2010-04-18
8617941318,3,NA,2021-08-19
7251234512,3,NA,2011-10-17
1993102609,3,NA,2011-01-05
5935946046,3,NA,2014-12-20
2923011922,3,NA,2020-12-15
5620772395,3,NA,2018-04-06
6340481995,3,NA,2015-06-17
8419669580,3,NA,2014-01-03
7661153480,3,NA,2017-12-07
3701215099,3,NA,2013-08-15
9715947662,3,NA,2015-05-11
8757763641,3,NA,2011-12-14
9557535202,3,NA,2011-02-17
7568778048,3,NA,2019-06-21
5083329304,3,NA,2017-02-15
8844035267,3,NA,2023-05-22
6163331931,3,NA,2022-07-08
2740968600,3,NA,2020-06-25
6227767767,3,NA,2015-02-13
5577614519,3,NA,2019-06-03
7267354579,3,NA,2021-02-28
9901210340,3,NA,2018-06-13
7001072144,3,NA,2023-05-17
1010630628,3,NA,2011-04-03
4720268984,3,NA,2022-11-03
7225183779,3,NA,2015-02-09
4811278133,3,NA,2023-08-22
3090401052,3,NA,2013-08-04
2789067190,3,NA,2022-03-29
2641467227,3,NA,2023-07-04
5774683343,3,NA,2020-04-30
9763375197,3,NA,2011-07-06
6367335689,3,NA,2016-02-19
8317614691,3,NA,2020-08-25
1337138269,3,NA,2021-09-05
7185798948,3,NA,2018-08-15
5215706588,3,NA,2023-09-20
3641168417,3,NA,2014-10-13
4019641032,3,NA,2013-12-06
5406688168,3,NA,2020-05-29
6479971917,3,NA,2011-09-02
6781554132,3,NA,2010-06-22
6886201254,3,NA,2016-05-04
8445141186,3,NA,2010-08-24
5407852146,3,NA,2013-12-18
8888419465,4,"Met expectations, satisfied with the product.",2010-12-11
4634379939,4,"Impressed with the quality, satisfied with the purchase.",2016-11-18
6745601169,4,"Product as described, good purchase.",2019-04-23
7402802467,4,"Product meets expectations, good value for money.",2023-08-21
3651484210,4,"Satisfied with the purchase, good quality.",2015-01-23
8366229870,4,"Product as described, satisfied with the product.",2016-08-20
9398064260,4,"Product as described, happy with the purchase.",2020-03-04
9985606590,4,"Pleased with the product, meets expectations.",2015-01-08
4498983034,4,"Satisfied with the product, meets expectations.",2023-02-24
2875131334,4,"Happy with the product, product as described.",2020-07-17
5979660263,4,"Good quality, happy with the purchase.",2015-08-13
2741790482,4,"Good quality, satisfied with the product.",2022-02-08
4537002429,4,"Impressed with the quality, good purchase.",2020-08-22
5375878852,4,"Product as described, happy with the purchase.",2015-08-09
2523573222,4,"Good quality, worth the price.",2023-04-25
2620538896,4,"Good quality, satisfied with the product.",2010-04-22
1265125699,4,"Happy with the purchase, good quality.",2012-12-08
1370143912,4,"Satisfied with the purchase, product as described.",2020-02-13
6080726253,4,"Quality item, meets expectations.",2014-03-13
5005394035,4,"Met expectations, good value for money.",2016-03-24
4427257582,4,"Great product, exactly as described.",2023-10-10
6933868352,4,"Product as described, good purchase.",2010-04-08
4176186111,4,"Pleased with the item, good value for money.",2018-05-14
5795306811,4,"Satisfied with the purchase, good quality.",2017-02-06
1510457213,4,"Met expectations, good value for money.",2023-03-27
8777693854,4,"Good quality, product as described.",2018-11-30
9004889423,4,"Satisfied with the purchase, product meets expectations.",2015-12-25
9871590824,4,"Quality purchase, satisfied with the product.",2021-09-20
8566204083,4,"Satisfied with the product, meets expectations.",2010-08-17
8782596032,4,"Quality item, happy with the purchase.",2010-12-01
3774691843,4,"Met expectations, happy with the purchase.",2013-08-23
8282069119,4,"Happy with the product, meets expectations.",2013-01-23
1956787600,4,"Met expectations, good value for money.",2017-05-21
1089284965,4,"Met expectations, satisfied with the purchase.",2015-11-01
9649771929,4,"Impressed with the product, good quality.",2023-08-30
8060207684,4,"Satisfied with the purchase, good value.",2010-11-24
3984044077,4,"Product as described, satisfied with the purchase.",2019-12-10
5499686918,4,"Good value for money, satisfied with the product.",2012-06-21
3374610211,4,"Satisfied with the product, good purchase.",2015-01-07
5192139332,4,"Impressed with the quality, good value for money.",2021-01-17
2367977661,4,"Product meets expectations, satisfied with the purchase.",2014-07-26
2675492731,4,"Product meets expectations, happy with the purchase.",2020-04-20
2341772078,4,"Product as described, satisfied with the purchase.",2011-10-15
7447049406,4,"Happy with the product, meets expectations.",2020-07-13
9150128637,4,"Product as described, meets expectations.",2023-12-29
2187907324,4,"Good value for money, meets expectations.",2010-01-13
3695143789,4,"Good product, satisfied with the purchase.",2010-05-15
7151493952,4,"Satisfied with the quality, good purchase.",2011-05-26
6702947680,4,"Product as described, happy with the purchase.",2014-09-08
6060935113,4,"Satisfied with the purchase, good value for money.",2018-08-08
8819349444,4,"Good value for money, product as described.",2014-10-02
3016775850,4,"Satisfied with the purchase, product meets expectations.",2021-09-16
7172326568,4,"Product as described, happy with the purchase.",2014-01-07
5397469450,4,"Happy with the purchase, meets expectations.",2015-03-03
5432299389,4,"Good value for money, satisfied with the purchase.",2023-03-29
2230150811,4,"Satisfied with the purchase, product meets expectations.",2020-07-13
9761622218,4,"Satisfied with the product, good quality.",2022-06-22
3819655100,4,"Happy with the purchase, good value for money.",2012-10-17
3652391662,4,"Satisfied with the purchase, good value for money.",2019-04-18
7397826386,4,"Product as described, good value for money.",2020-12-09
5066944790,4,NA,2016-12-11
8370973105,4,NA,2020-04-10
1273617538,4,NA,2017-11-05
7496842401,4,NA,2021-10-06
2348015380,4,NA,2018-12-03
6124892628,4,NA,2015-07-28
6141757602,4,NA,2012-11-24
5429967328,4,NA,2019-07-27
3582334604,4,NA,2018-11-18
9384404000,4,NA,2013-10-11
9555848594,4,NA,2019-05-01
8039886924,4,NA,2010-04-24
6389854552,4,NA,2012-02-20
1691291559,4,NA,2013-04-27
3634293714,4,NA,2012-11-11
8928298972,4,NA,2018-02-26
2426760973,4,NA,2023-02-08
3653228236,4,NA,2023-06-18
5801617562,4,NA,2020-06-15
8397426450,4,NA,2018-03-31
3150690053,4,NA,2013-10-20
1116412631,4,NA,2022-04-10
6646578120,4,NA,2019-03-17
6564590077,4,NA,2012-08-20
3863919173,4,NA,2014-03-28
8265785594,4,NA,2014-03-26
3152347943,4,NA,2014-10-01
4806625503,4,NA,2020-11-09
6508354346,4,NA,2011-08-12
2587625035,4,NA,2024-01-08
7077686575,4,NA,2019-12-05
4369612028,4,NA,2012-12-03
2389664803,4,NA,2011-01-01
5255531256,4,NA,2020-06-15
4541966021,4,NA,2010-09-06
2906198050,4,NA,2016-08-05
4744501730,4,NA,2011-08-23
3639007083,4,NA,2010-12-12
1353309664,4,NA,2011-12-31
8861052762,4,NA,2015-05-28
7384254272,4,NA,2011-03-20
7709862613,4,NA,2018-07-24
5614031833,4,NA,2016-11-09
3266918889,4,NA,2012-08-18
9751942687,4,NA,2013-06-29
3014760529,4,NA,2017-04-01
8536739734,4,NA,2021-04-08
1074623768,4,NA,2022-08-22
8887200933,4,NA,2013-09-06
4279107653,4,NA,2014-01-13
7579190111,4,NA,2021-02-11
9544468628,4,NA,2011-03-12
1913465671,4,NA,2022-07-10
2299909469,4,NA,2015-06-23
7737574022,4,NA,2021-08-15
7233038713,4,NA,2018-12-16
2993484894,4,NA,2020-03-08
5967306908,4,NA,2019-09-24
7942126730,4,NA,2022-07-12
1023148746,4,NA,2014-05-26
2148229949,4,NA,2012-12-06
9556261617,4,NA,2012-06-26
1844897417,4,NA,2014-10-05
3922615750,4,NA,2018-12-09
8426773758,4,NA,2010-04-26
6045645167,4,NA,2020-10-08
4947227165,4,NA,2020-03-01
6152902324,4,NA,2013-05-20
3535725244,4,NA,2020-06-21
5993969127,4,NA,2014-07-26
8141443766,4,NA,2012-07-30
8183605148,4,NA,2021-04-13
1044126926,4,NA,2011-02-24
8839477508,4,NA,2015-08-20
8154549889,4,NA,2014-07-23
1465467117,4,NA,2015-07-01
9995866337,4,NA,2019-11-19
6812874426,4,NA,2017-03-24
8219820525,4,NA,2011-12-01
7417319313,4,NA,2020-12-31
5400535963,4,NA,2024-03-01
2870327401,4,NA,2020-05-01
3905313254,4,NA,2015-12-18
8778661983,4,NA,2019-01-09
8317433934,4,NA,2012-09-16
6498168111,4,NA,2017-10-12
4036828533,4,NA,2015-01-27
3539192091,4,NA,2011-04-29
6692512168,4,NA,2019-12-14
9627386173,4,NA,2017-11-18
1121034865,4,NA,2015-04-18
6428985588,4,NA,2020-06-27
1738962290,4,NA,2016-01-03
5641305874,4,NA,2011-09-01
2214669917,4,NA,2017-01-27
8011554476,4,NA,2012-01-05
9556971431,4,NA,2020-12-04
6706734298,4,NA,2014-05-17
5047584982,4,NA,2015-06-05
9023665828,4,NA,2024-01-29
6583030809,4,NA,2017-10-30
5239293156,4,NA,2012-07-10
2411333242,4,NA,2023-11-25
2462177522,4,NA,2014-08-16
3955140279,4,NA,2023-06-18
5836273703,4,NA,2022-03-12
6405818488,4,NA,2013-03-20
9415605086,4,NA,2014-05-01
9146018045,4,NA,2015-07-10
5769553717,4,NA,2011-03-02
1726179582,4,NA,2013-05-08
9242942807,4,NA,2014-04-27
3985330493,4,NA,2017-03-27
3999941444,4,NA,2021-09-14
1314382663,4,NA,2018-12-14
1726864584,4,NA,2010-06-11
2569420749,4,NA,2017-04-16
4345404635,4,NA,2016-03-17
4135209208,4,NA,2011-01-17
9751627474,4,NA,2017-07-24
2814138044,4,NA,2019-01-25
6423845862,4,NA,2019-12-03
7709693275,4,NA,2011-09-29
8066937007,4,NA,2024-01-17
7913669488,4,NA,2010-02-01
8119354968,4,NA,2016-11-15
4709185228,4,NA,2023-10-25
5346928566,4,NA,2021-06-04
2341026107,4,NA,2016-05-11
6732131275,4,NA,2023-10-02
2677984717,4,NA,2012-04-08
1293701682,4,NA,2023-12-09
3902396503,4,NA,2018-07-23
9839037924,5,"Excellent product, exceeded expectations.",2013-04-19
3492059105,5,"Highly recommend, great value for money.",2010-09-30
3603612545,5,"Absolutely satisfied, top-notch quality.",2019-08-30
7162241260,5,"Impressed with the product, exceeded expectations.",2023-12-11
1426077010,5,"Extremely satisfied, excellent purchase.",2014-06-06
9703847531,5,"Fantastic product, highly recommend.",2013-12-07
2375681504,5,"Top-notch quality, very impressed.",2013-03-11
6560444561,5,"Outstanding product, worth every penny.",2019-07-06
8087900968,5,"Very satisfied, exceeded expectations.",2021-12-01
5872813776,5,"Highly recommend, excellent value for money.",2011-09-23
7569153665,5,"Exceptional product, couldn't be happier.",2021-02-27
6997524596,5,"Great purchase, highly recommend.",2015-09-26
8971966119,5,"Very impressed, exceeded expectations.",2022-11-26
3134427711,5,"Perfect product, absolutely satisfied.",2017-02-11
2960980972,5,"Remarkable quality, highly recommend.",2017-11-04
5962419965,5,"Exceeded expectations, excellent value.",2014-12-04
6643951594,5,"Highly recommend, fantastic purchase.",2019-12-14
5339355427,5,"Great value for money, top-notch quality.",2014-05-03
9723432945,5,"Absolutely delighted, exceeded expectations.",2022-01-02
2552794347,5,"Impressed with the quality, highly recommend.",2012-10-05
7376558750,5,"Exceeded expectations, outstanding product.",2023-09-14
3344995830,5,"Exceptional quality, highly recommend.",2021-06-09
5741411110,5,"Thrilled with the purchase, exceeded expectations.",2013-11-03
3058929914,5,"Top-notch product, highly recommend.",2023-07-05
2275279881,5,"Impressed with the quality, excellent purchase.",2014-06-25
3330901889,5,"Exceeded expectations, fantastic product.",2014-07-13
7813876213,5,"Highly recommend, couldn't be happier.",2020-02-20
9204658468,5,"Great value for money, excellent product.",2017-12-07
9782981992,5,"Delighted with the purchase, highly recommend.",2012-12-19
2067415434,5,"Outstanding quality, exceeded expectations.",2024-02-22
5058514920,5,"Highly recommend, remarkable product.",2022-01-27
5172270779,5,"Absolutely thrilled, excellent purchase.",2013-10-22
6414884617,5,"Exceeded expectations, remarkable quality.",2014-08-11
8740776812,5,"Exceptional product, highly recommend.",2018-04-24
9638578124,5,"Thrilled with the purchase, outstanding quality.",2015-03-28
6852870030,5,"Impressed with the quality, fantastic purchase.",2021-06-17
8117486862,5,"Top-notch product, exceeded expectations.",2012-08-31
8443852706,5,"Absolutely satisfied, highly recommend.",2017-08-21
3939251273,5,"Delighted with the purchase, exceptional product.",2016-04-09
1931131572,5,"Exceeded expectations, fantastic value.",2017-10-08
9541255120,5,"Highly recommend, remarkable purchase.",2019-04-14
9573432238,5,"Great value for money, outstanding quality.",2019-12-28
7955531344,5,"Absolutely thrilled, top-notch product.",2020-12-27
8405310826,5,"Impressed with the quality, exceptional purchase.",2016-09-15
4677016343,5,"Exceeded expectations, remarkable value.",2013-07-07
6244668979,5,"Exceptional product, fantastic purchase.",2015-01-24
3335631957,5,"Thrilled with the purchase, outstanding value.",2012-02-20
4884959582,5,"Top-notch quality, highly recommend.",2022-08-12
4476846567,5,"Absolutely satisfied, exceptional quality.",2018-07-03
4258691312,5,"Delighted with the purchase, outstanding product.",2015-07-08
1063563524,5,"Exceeded expectations, fantastic quality.",2020-04-17
9923912715,5,"Highly recommend, remarkable value.",2018-04-16
3270673981,5,"Great value for money, exceptional product.",2016-01-29
2239067095,5,"Absolutely thrilled, exceeded expectations.",2016-06-24
3881579432,5,"Impressed with the quality, outstanding purchase.",2021-12-21
6502188827,5,"Exceeded expectations, top-notch value.",2019-12-25
9695143641,5,"Exceptional product, outstanding purchase.",2012-01-22
6625499397,5,"Thrilled with the purchase, fantastic value.",2019-12-18
3507990601,5,"Top-notch quality, exceptional purchase.",2016-01-11
4369658469,5,"Absolutely satisfied, outstanding quality.",2014-01-05
5064863999,5,"Delighted with the purchase, fantastic product.",2023-11-30
4085882317,5,"Exceeded expectations, remarkable purchase.",2010-09-28
1560991070,5,"Highly recommend, outstanding value.",2021-08-08
2672787463,5,"Great value for money, exceptional quality.",2021-01-26
2661712371,5,"Absolutely thrilled, top-notch purchase.",2016-10-25
1925998823,5,"Impressed with the quality, remarkable product.",2024-02-05
4647893687,5,"Exceeded expectations, outstanding value.",2013-05-18
8949629982,5,"Exceptional product, fantastic value.",2013-01-05
8301480328,5,"Thrilled with the purchase, remarkable purchase.",2014-04-01
2186214672,5,"Top-notch quality, outstanding value.",2016-11-21
2164541847,5,"Absolutely satisfied, exceptional purchase.",2014-08-29
4443419068,5,"Delighted with the purchase, fantastic value.",2023-10-25
8660516635,5,"Exceeded expectations, remarkable quality.",2011-03-18
2423879949,5,"Highly recommend, outstanding purchase.",2019-07-18
3804870925,5,"Great value for money, remarkable product.",2017-04-09
1064693768,5,"Absolutely thrilled, exceptional value.",2018-08-01
4662500655,5,"Impressed with the quality, outstanding quality.",2016-08-08
2046082764,5,"Exceeded expectations, fantastic purchase.",2023-12-17
8277636166,5,"Exceptional product, remarkable value.",2015-06-14
1188260909,5,"Thrilled with the purchase, outstanding product.",2015-12-18
1511570872,5,"Top-notch quality, fantastic value.",2015-04-09
1732693997,5,"Absolutely satisfied, outstanding purchase.",2011-07-15
8341320159,5,"Delighted with the purchase, remarkable purchase.",2015-11-10
3702502065,5,"Exceeded expectations, exceptional quality.",2010-06-27
2324071760,5,"Highly recommend, fantastic value.",2023-03-12
2869598393,5,"Great value for money, outstanding value.",2011-09-22
4928006972,5,"Absolutely thrilled, remarkable product.",2016-05-06
4080104389,5,"Impressed with the quality, exceptional purchase.",2011-06-30
6122332955,5,"Exceeded expectations, fantastic quality.",2020-04-11
6310230793,5,"Exceptional product, outstanding value.",2021-04-18
4165581782,5,"Thrilled with the purchase, remarkable value.",2016-03-16
8161473926,5,"Top-notch quality, exceptional product.",2011-01-20
7310860800,5,"Absolutely satisfied, outstanding quality.",2019-04-11
6167876359,5,"Delighted with the purchase, fantastic purchase.",2012-08-17
3896496956,5,"Exceeded expectations, remarkable value.",2016-09-09
9785993402,5,"Highly recommend, outstanding value.",2024-01-31
6136205879,5,"Great value for money, exceptional purchase.",2023-06-04
1137611336,5,"Absolutely thrilled, remarkable purchase.",2011-09-24
5905424246,5,"Impressed with the quality, outstanding value.",2017-04-13
1818624322,5,"Exceeded expectations, fantastic product.",2020-09-11
9541917021,5,"Exceptional product, remarkable quality.",2020-11-02
4495905406,5,"Thrilled with the purchase, outstanding purchase.",2017-10-10
5883471528,5,"Top-notch quality, exceptional value.",2011-07-24
9343150875,5,"Absolutely satisfied, fantastic value.",2011-02-27
6083146433,5,"Delighted with the purchase, remarkable value.",2014-01-18
3128928356,5,"Exceeded expectations, outstanding quality.",2015-07-18
9783802587,5,"Highly recommend, fantastic purchase.",2011-06-04
1651388901,5,"Great value for money, remarkable purchase.",2021-04-06
9846070929,5,"Absolutely thrilled, outstanding value.",2022-01-28
2812358189,5,"Impressed with the quality, exceptional product.",2015-10-19
1357522811,5,"Exceeded expectations, remarkable value.",2020-10-09
1487016186,5,"Exceptional product, outstanding purchase.",2014-08-04
9320585158,5,"Thrilled with the purchase, remarkable product.",2010-09-19
4614469055,5,"Top-notch quality, outstanding value.",2023-01-24
8456750794,5,"Absolutely satisfied, exceptional value.",2013-08-25
5903971386,5,"Delighted with the purchase, fantastic value.",2023-09-29
3123942550,5,"Exceeded expectations, remarkable purchase.",2023-02-17
8897075200,5,"Highly recommend, outstanding value.",2023-12-21
7811264294,5,"Great value for money, exceptional product.",2017-05-12
7723081396,5,"Absolutely thrilled, remarkable value.",2023-07-16
4160111534,5,"Impressed with the quality, outstanding purchase.",2013-04-23
8431888216,5,"Exceeded expectations, fantastic quality.",2019-12-22
1228881547,5,"Exceptional product, outstanding value.",2021-06-25
4060278894,5,"Thrilled with the purchase, remarkable quality.",2022-04-13
8853187193,5,"Top-notch quality, exceptional value.",2012-11-09
3853416299,5,"Delighted with the purchase, remarkable value.",2013-01-09
9501994888,5,"Exceptional product, remarkable quality.",2018-11-30
2464063738,5,"Thrilled with the purchase, exceeded expectations.",2012-11-02
3213471067,5,"Perfect product, absolutely satisfied.",2014-05-12
1536129066,5,"Impressed with the quality, exceptional product.",2012-01-03
1928880662,5,"Fantastic product, highly recommend.",2016-12-16
2741700391,5,"Thrilled with the purchase, remarkable value.",2016-11-02
3881742934,5,"Excellent product, exceeded expectations.",2015-10-19
1242581599,5,"Exceptional product, outstanding value.",2013-05-01
8893848966,5,"Exceeded expectations, outstanding quality.",2012-07-13
7794912564,5,"Thrilled with the purchase, remarkable product.",2010-08-26
1881026329,5,"Thrilled with the purchase, fantastic value.",2018-07-09
8173210840,5,"Top-notch quality, fantastic value.",2013-11-30
1806132852,5,"Delighted with the purchase, highly recommend.",2010-04-11
1069137962,5,"Exceeded expectations, fantastic product.",2014-08-27
6693875107,5,"Highly recommend, couldn't be happier.",2023-12-14
9642594249,5,"Highly recommend, fantastic value.",2017-05-26
8491507541,5,"Top-notch quality, very impressed.",2016-10-04
7114920123,5,"Absolutely satisfied, outstanding quality.",2011-01-17
6920182756,5,"Exceeded expectations, remarkable value.",2011-02-07
9047629037,5,"Highly recommend, remarkable purchase.",2015-06-04
3137491484,5,"Exceeded expectations, exceptional quality.",2019-10-06
7605217925,5,"Absolutely thrilled, remarkable value.",2018-01-23
6609204070,5,"Delighted with the purchase, fantastic purchase.",2011-11-22
2866946376,5,"Highly recommend, remarkable product.",2024-02-26
4727413522,5,"Absolutely satisfied, outstanding quality.",2019-06-08
6270907494,5,"Highly recommend, fantastic purchase.",2019-08-07
1470885705,5,"Great value for money, exceptional quality.",2010-04-15
6413750966,5,"Top-notch product, exceeded expectations.",2023-05-23
5423620894,5,"Exceptional product, outstanding purchase.",2014-08-02
6624917426,5,"Impressed with the quality, highly recommend.",2023-01-11
5557227589,5,"Thrilled with the purchase, outstanding quality.",2019-06-15
8976092550,5,"Exceeded expectations, fantastic quality.",2012-04-09
3560940238,5,"Exceeded expectations, remarkable quality.",2016-07-11
3156803500,5,"Impressed with the quality, remarkable product.",2010-02-24
3303724692,5,"Impressed with the product, exceeded expectations.",2013-08-26
6379425661,5,"Highly recommend, outstanding purchase.",2023-03-04
5769045003,5,"Extremely satisfied, excellent purchase.",2011-10-21
4642368066,5,"Impressed with the quality, excellent purchase.",2018-02-18
6378527201,5,"Outstanding product, worth every penny.",2019-01-01
2792469655,5,"Impressed with the quality, outstanding purchase.",2010-09-10
4479338084,5,"Exceeded expectations, remarkable value.",2023-09-15
2787022318,5,"Great value for money, top-notch quality.",2013-08-05
5126474692,5,"Great value for money, outstanding quality.",2020-07-02
1385013323,5,"Thrilled with the purchase, remarkable quality.",2013-07-20
3591674293,5,"Top-notch quality, exceptional value.",2012-08-14
9761451366,5,"Absolutely satisfied, exceptional purchase.",2014-08-01
6938341925,5,"Delighted with the purchase, fantastic product.",2010-03-29
7114523056,5,"Top-notch quality, highly recommend.",2020-08-22
5162547377,5,"Impressed with the quality, outstanding value.",2023-01-26
3655639367,5,"Absolutely satisfied, fantastic value.",2019-07-13
3489253561,5,"Highly recommend, outstanding value.",2019-12-18
3793901665,5,"Great value for money, exceptional product.",2015-12-12
6769028648,5,"Exceeded expectations, remarkable quality.",2018-04-07
7969829670,5,"Exceeded expectations, fantastic product.",2014-08-09
5489583150,5,"Absolutely thrilled, exceptional value.",2016-07-11
1343810270,5,"Highly recommend, great value for money.",2020-03-09
6625811960,5,"Absolutely satisfied, exceptional quality.",2015-12-22
6072005872,5,"Thrilled with the purchase, remarkable purchase.",2017-03-24
1712014492,5,"Very impressed, exceeded expectations.",2019-03-23
4642907651,5,"Top-notch product, highly recommend.",2011-07-22
9194990632,5,"Exceptional product, fantastic value.",2021-03-21
1290078162,5,"Exceptional product, remarkable value.",2012-03-07
4483984143,5,"Absolutely satisfied, top-notch quality.",2010-06-05
8205541324,5,"Delighted with the purchase, remarkable purchase.",2013-05-07
9840981251,5,"Exceeded expectations, outstanding value.",2020-05-12
5905603832,5,"Great value for money, exceptional purchase.",2018-06-12
7163299218,5,"Great purchase, highly recommend.",2011-07-17
8904500903,5,"Highly recommend, outstanding value.",2023-04-26
7424043195,5,"Great value for money, exceptional product.",2011-09-30
9184035657,5,"Absolutely satisfied, outstanding purchase.",2013-02-22
5182440177,5,"Thrilled with the purchase, outstanding product.",2020-06-22
4962925249,5,"Absolutely thrilled, outstanding value.",2014-01-15
4507780754,5,"Delighted with the purchase, fantastic value.",2012-08-27
2319349321,5,"Absolutely satisfied, highly recommend.",2017-10-27
7783155445,5,"Impressed with the quality, outstanding quality.",2019-08-24
9998782359,5,"Exceeded expectations, excellent value.",2017-12-28
8436598941,5,"Thrilled with the purchase, outstanding purchase.",2017-01-28
1645903592,5,"Impressed with the quality, fantastic purchase.",2010-01-18
9978665330,5,"Impressed with the quality, outstanding purchase.",2023-02-03
7650422459,5,"Exceptional product, fantastic purchase.",2014-05-06
5944531275,5,"Delighted with the purchase, outstanding product.",2015-08-12
3677686689,5,NA,2023-02-11
7344332443,5,NA,2020-12-08
3477715868,5,NA,2021-02-26
7980673220,5,NA,2014-03-15
4130629427,5,NA,2013-12-22
9418581851,5,NA,2011-11-20
2409768282,5,NA,2022-01-14
9002172942,5,NA,2020-09-13
1460922041,5,NA,2014-06-15
1841431367,5,NA,2011-12-25
8879446231,5,NA,2021-04-30
1357484391,5,NA,2015-10-27
7950973421,5,NA,2019-02-11
1142825113,5,NA,2020-10-16
2447918535,5,NA,2010-07-12
8714269853,5,NA,2015-08-18
6161113977,5,NA,2017-03-08
6001451453,5,NA,2015-11-01
8665553210,5,NA,2011-01-01
1018359400,5,NA,2016-08-06
7436454203,5,NA,2011-07-03
9288447859,5,NA,2020-05-13
9744567454,5,NA,2016-03-21
1344621889,5,NA,2011-11-20
4673272361,5,NA,2015-02-11
1511592926,5,NA,2020-12-30
9875401388,5,NA,2012-03-10
8350470595,5,NA,2015-11-19
8347064848,5,NA,2023-08-10
9696075070,5,NA,2013-08-27
7348992581,5,NA,2017-10-29
5095853907,5,NA,2020-05-22
4867287672,5,NA,2010-02-05
4515079741,5,NA,2022-01-18
1068282327,5,NA,2014-06-11
9049401565,5,NA,2013-05-09
6967695397,5,NA,2013-05-19
2464201241,5,NA,2017-07-09
8341978181,5,NA,2014-10-01
2056631836,5,NA,2015-01-19
5264147401,5,NA,2013-08-10
7805814046,5,NA,2019-02-04
9497287596,5,NA,2019-04-01
9841377287,5,NA,2014-10-02
7034189484,5,NA,2013-02-05
9169011155,5,NA,2014-08-01
1174623332,5,NA,2015-09-17
4297274910,5,NA,2010-05-29
9076769861,5,NA,2011-10-30
9175168156,5,NA,2013-10-02
4418285224,5,NA,2021-02-21
2310837438,5,NA,2020-06-17
7869505739,5,NA,2015-08-18
5284498929,5,NA,2023-05-13
5875857547,5,NA,2018-08-28
9673404315,5,NA,2020-10-05
6725030074,5,NA,2015-03-15
7441724322,5,NA,2011-04-05
9687835888,5,NA,2021-07-21
1437376439,5,NA,2013-05-16
5425618340,5,NA,2011-02-18
2452097674,5,NA,2017-04-10
8659072637,5,NA,2016-08-19
1721148486,5,NA,2020-08-21
2165616017,5,NA,2015-03-19
8828218594,5,NA,2021-09-05
1430655308,5,NA,2023-08-27
6644130759,5,NA,2024-01-14
8761840966,5,NA,2010-08-15
9450557161,5,NA,2019-12-31
1151994890,5,NA,2024-02-23
5072471240,5,NA,2023-05-09
2234725041,5,NA,2019-09-21
2033684679,5,NA,2014-11-09
9016264910,5,NA,2015-10-14
1297963089,5,NA,2010-06-08
7797747569,5,NA,2019-10-30
7323289669,5,NA,2013-12-27
2986890992,5,NA,2012-03-02
9552701097,5,NA,2016-05-27
6915975160,5,NA,2019-08-20
9748580407,5,NA,2010-01-01
5505920686,5,NA,2014-01-11
3987440033,5,NA,2016-07-09
6585194360,5,NA,2022-07-28
9798174682,5,NA,2021-06-04
2007810290,5,NA,2011-12-30
7765571001,5,NA,2020-01-27
3127089647,5,NA,2016-07-12
6844334800,5,NA,2019-05-25
8413979938,5,NA,2021-07-09
9019301577,5,NA,2012-04-30
5464069027,5,NA,2013-08-16
2867968182,5,NA,2021-04-06
9809153421,5,NA,2019-03-14
8741899737,5,NA,2022-01-19
6615098666,5,NA,2011-05-17
5071037724,5,NA,2021-03-02
2639709905,5,NA,2018-12-01
9012175291,5,NA,2014-08-03
7218103461,5,NA,2018-06-10
5893259385,5,NA,2015-01-06
8958740337,5,NA,2013-01-10
6667817385,5,NA,2021-04-23
1719439291,5,NA,2012-07-01
9849245517,5,NA,2012-12-23
5503348899,5,NA,2011-02-14
4377499145,5,NA,2010-10-04
5836086669,5,NA,2019-01-16
3169263694,5,NA,2015-06-16
7667590054,5,NA,2020-10-31
5452420706,5,NA,2021-12-25
3066009902,5,NA,2012-05-24
8736527221,5,NA,2014-08-21
4528910281,5,NA,2016-11-16
6610531649,5,NA,2021-04-14
2852003845,5,NA,2017-08-26
6446883966,5,NA,2011-12-09
2995833741,5,NA,2019-12-07
2861735756,5,NA,2017-02-02
8086825377,5,NA,2023-12-12
9796617118,5,NA,2014-03-04
3624010489,5,NA,2016-06-29
3424013289,5,NA,2016-11-01
6836458425,5,NA,2017-03-14
3708013761,5,NA,2023-06-28
9385703719,5,NA,2013-07-24
5109448463,5,NA,2015-04-05
4448791031,5,NA,2012-10-19
8567064997,5,NA,2023-07-23
1617171953,5,NA,2020-12-18
7537844221,5,NA,2015-11-15
1110191128,5,NA,2014-10-30
7775902578,5,NA,2021-11-18
9822540931,5,NA,2022-08-27
7192000933,5,NA,2012-03-18
7575055116,5,NA,2016-03-03
8003422592,5,NA,2021-01-24
7027646271,5,NA,2016-03-29
3314784685,5,NA,2023-11-08
4865295143,5,NA,2010-12-05
1616741829,5,NA,2015-04-06
9433895216,5,NA,2023-07-11
9245266673,5,NA,2022-12-03
2770335431,5,NA,2019-10-17
7820939809,5,NA,2017-09-24
8318685381,5,NA,2013-09-21
5400031642,5,NA,2022-10-15
9032211859,5,NA,2017-11-03
8628942157,5,NA,2012-05-01
2290872230,5,NA,2017-08-20
4954021594,5,NA,2016-03-31
6901160516,5,NA,2023-07-28
8175996589,5,NA,2015-10-16
1262236160,5,NA,2010-10-15
2728738471,5,NA,2020-03-11
1338646924,5,NA,2014-09-17
2466812554,5,NA,2012-04-17
8099999373,5,NA,2023-06-09
3156100856,5,NA,2019-06-14
1825934459,5,NA,2022-09-01
3872145136,5,NA,2024-01-06
6152403291,5,NA,2012-08-31
7140615126,5,NA,2022-04-21
9691374423,5,NA,2019-12-22
7121874333,5,NA,2023-11-23
1023716364,5,NA,2016-01-10
5133793024,5,NA,2017-11-03
8476456489,5,NA,2017-07-03
5781771394,5,NA,2022-01-10
3154623820,5,NA,2011-05-06
8192632177,5,NA,2021-01-06
1405452307,5,NA,2022-06-02
6982007769,5,NA,2021-06-16
9749483863,5,NA,2022-09-19
3501043620,5,NA,2022-08-09
1815259503,5,NA,2023-09-08
4228783395,5,NA,2023-11-25
9736662803,5,NA,2016-05-10
2480904582,5,NA,2018-10-31
4357575219,5,NA,2020-08-10
9110350848,5,NA,2010-12-20
3375978665,5,NA,2010-07-05
8408130107,5,NA,2012-12-16
6089971155,5,NA,2015-07-16
8007302800,5,NA,2022-08-21
2527473850,5,NA,2012-05-23
9087583652,5,NA,2013-11-12
1667842918,5,NA,2017-07-03
1668456264,5,NA,2024-02-08
7919428902,5,NA,2014-08-12
3460107857,5,NA,2010-02-27
5340861894,5,NA,2018-06-12
1312408450,5,NA,2022-08-18
9121779402,5,NA,2021-05-22
7299327439,5,NA,2013-05-25
2610049267,5,NA,2010-09-14
3632589773,5,NA,2013-05-29
7058803405,5,NA,2024-02-13
2393194496,5,NA,2010-09-26
3822397402,5,NA,2019-08-05
6606423983,5,NA,2012-05-24
4814558280,5,NA,2014-06-20
7030015488,5,NA,2018-10-29
7083162262,5,NA,2013-09-22
9808734301,5,NA,2018-10-28
3950619101,5,NA,2014-12-13
4354432601,5,NA,2017-10-18
3629755294,5,NA,2010-12-27
2307315667,5,NA,2017-04-04
7124708621,5,NA,2019-02-01
3531227261,5,NA,2013-11-20
2947714686,5,NA,2020-12-22
4038037850,5,NA,2012-12-22
6620178012,5,NA,2022-10-19
1062122641,5,NA,2010-06-30
8767748349,5,NA,2014-08-03
6490558603,5,NA,2013-03-14
1078758602,5,NA,2015-07-30
7876961498,5,NA,2016-12-08
6087889417,5,NA,2018-07-28
5766761649,5,NA,2010-05-09
3313678231,5,NA,2014-12-08
7741430013,5,NA,2018-01-11
5524512625,5,NA,2022-06-30
1773212574,5,NA,2023-04-29
7097707734,5,NA,2015-07-31
3258452432,5,NA,2021-10-04
3278040294,5,NA,2021-04-26
8462941307,5,NA,2013-11-28
5154897143,5,NA,2010-01-30
1522994135,5,NA,2011-07-23
2268005238,5,NA,2021-11-14
8670134089,5,NA,2022-08-08
2253719649,5,NA,2021-07-25
6704490327,5,NA,2021-08-17
8120090208,5,NA,2023-07-30
9204941782,5,NA,2017-11-05
6967769814,5,NA,2017-12-28
7085835510,5,NA,2021-11-04
8451408543,5,NA,2016-01-30
2726917594,5,NA,2023-08-16
1253130191,5,NA,2010-03-02
5797159919,5,NA,2020-11-03
7600425632,5,NA,2023-12-15
9100434845,5,NA,2010-02-26
8715041632,5,NA,2013-10-28
7831043487,5,NA,2014-05-26
1549493863,5,NA,2011-06-26
6483457056,5,NA,2013-04-30
9173637958,5,NA,2018-11-21
5608315832,5,NA,2016-08-21
9301891427,5,NA,2012-07-05
5663752260,5,NA,2011-10-31
9783891374,5,NA,2011-01-14
2186561586,5,NA,2018-10-05
3082153152,5,NA,2023-09-25
8585991568,5,NA,2019-05-13
8228058289,5,NA,2022-07-07
9274852682,5,NA,2015-07-20
9624750502,5,NA,2019-10-16
8375005399,5,NA,2015-09-16
5667755506,5,NA,2015-05-23
8647806871,5,NA,2022-03-29
5206622933,5,NA,2019-11-16
6977909720,5,NA,2010-10-11
6625534248,5,NA,2011-08-27
7929463807,5,NA,2014-04-22
4769944294,5,NA,2021-07-21
8539123664,5,NA,2017-03-30
6407368083,5,NA,2019-09-13
7181622693,5,NA,2019-04-16
2390099306,5,NA,2019-10-11
3728188742,5,NA,2016-09-01
8829653149,5,NA,2014-09-10
3181074411,5,NA,2015-05-23
4343965184,5,NA,2018-04-04
9627787640,5,NA,2021-11-27
2568569857,5,NA,2012-03-14
3059223977,5,NA,2011-05-05
4891494977,5,NA,2016-03-16
5543721590,5,NA,2015-02-15
5375906668,5,NA,2012-02-29
4393174586,5,NA,2020-10-15
1349901341,5,NA,2020-05-28
9977725014,5,NA,2019-12-06
6961557197,5,NA,2015-05-06
9047646384,5,NA,2021-08-08
3121452318,5,NA,2012-10-29
7813373135,5,NA,2013-04-21
2209369142,5,NA,2017-06-16
4726423711,5,NA,2023-03-28
6690967148,5,NA,2020-02-27
7745293073,5,NA,2014-12-17
6497934199,5,NA,2020-11-23
6420970097,5,NA,2021-06-28
2364183308,5,NA,2015-10-30
6848397662,5,NA,2013-12-24
4063876890,5,NA,2012-05-16
8144581619,5,NA,2015-11-09
6477523337,5,NA,2013-10-22
6390011355,5,NA,2014-01-03
2391932865,5,NA,2018-10-03
2047422929,5,NA,2011-10-31
5786365055,5,NA,2011-01-02
9479163041,5,NA,2010-07-02
6756142024,5,NA,2023-10-07
4825255743,5,NA,2012-08-15
5070658801,5,NA,2021-03-25
1643571033,5,NA,2023-01-03
8779507682,5,NA,2017-02-05
4143760129,5,NA,2010-09-14
8371855967,5,NA,2023-07-30
7223995776,5,NA,2010-04-18
7622339518,5,NA,2012-10-12
2919122361,5,NA,2014-07-18
8762253862,5,NA,2011-08-01
4447102171,5,NA,2015-07-29
8023456828,5,NA,2019-05-19
8256636450,5,NA,2010-11-03
7049877171,5,NA,2013-07-17
4725480271,5,NA,2022-04-19
5988182524,5,NA,2014-09-25
2418500608,5,NA,2019-03-29
6186438163,5,NA,2017-07-09
7538233284,5,NA,2019-04-15
3142406628,5,NA,2017-01-20
7878872415,5,NA,2018-09-22
6992707541,5,NA,2013-11-03
6001529222,5,NA,2011-10-09
2842099786,5,NA,2020-01-25
6654533263,5,NA,2020-05-06
3461280640,5,NA,2013-11-21
4959832738,5,NA,2014-07-27
6172614217,5,NA,2015-04-19
4292536547,5,NA,2013-09-02
5457843841,5,NA,2013-08-08
5616140100,5,NA,2017-07-16
6656234347,5,NA,2017-04-10
7564309792,5,NA,2010-07-01
1212902772,5,NA,2010-09-08
9354939028,5,NA,2016-05-15
1290676461,5,NA,2019-01-01
5261626414,5,NA,2018-11-08
4915276177,5,NA,2021-09-15
3818441824,5,NA,2020-03-20
2834669063,5,NA,2012-02-29
2265690658,5,NA,2022-03-28
2803802335,5,NA,2013-08-31
4203668207,5,NA,2015-02-12
2796718821,5,NA,2019-02-05
3551337442,5,NA,2024-01-17
7252782505,5,NA,2014-05-19
9632641490,5,NA,2012-12-29
7734637138,5,NA,2016-06-21
5861951866,5,NA,2023-09-22
6327933178,5,NA,2022-01-06
9457560944,5,NA,2014-07-22
6541774298,5,NA,2016-06-24
3662867174,5,NA,2012-07-06
8045088017,5,NA,2017-02-18
9438008467,5,NA,2019-06-08
8135917229,5,NA,2020-03-18
8170120069,5,NA,2012-02-12
9657138567,5,NA,2022-06-05
9848653818,5,NA,2011-07-22
3736512250,5,NA,2014-11-21
8320908416,5,NA,2019-02-03
7140846846,5,NA,2011-04-30
2647386313,5,NA,2023-05-13
3953117260,5,NA,2020-11-08
