seller_id,seller_name,url,description,email,password,account_number,bank_name
S1212000001514,Fashionable Corner,https://www.FashionableCorner3RS.com,Where adventure awaits in:  Superstore .,FashionableCorner@example.com,bd83cf62ad59184dfd0aad9e1da38b0b7ea31017f0e41e87098aa02b60d6f88b,34499366,Barclays
S1212000002562,Premium Depot,https://www.PremiumDepotjPx.com,Where style meets substance:  Men's Fashion .,PremiumDepot@example.com,f33601d252f663c233f5c6dfe0c4913ac2e9659ab6124ee462d1d853c5f2c372,76672581,Lloyds
S1212000003278,Splendid Mansion,https://www.SplendidMansionBMr.com,Bringing you the best in:  Health & Sports .,SplendidMansion@example.com,2009db12f27d2080889ac6b1e9b22ca4db001b1d9ba77e43a823de38631a5b84,71079938,Natwest
S1212000004625,Majestic Deals,https://www.MajesticDealsqt6.com,Specializing in:  Mobiles & Tablets .,MajesticDeals@example.com,d24e866713d364ac30bb894d37818c477c567ad7c06d0e4aa50bf23aba24a4f4,42830859,Natwest
S1212000005294,Creative Palace,https://www.CreativePalacei0k.com,"Building a world of:  Kids & Baby, Superstore .",CreativePalace@example.com,7f353adf163cf69e29c29985ee49f6d4f447778883410ba22f3b365b396e6a51,53841117,Santander
S1212000006917,Innovative Merchants,https://www.InnovativeMerchantsRhX.com,"Where quality meets:  Home & Living, Appliances, Mobiles & Tablets .",InnovativeMerchants@example.com,b845c61b835ea259920e452fccfbde484082673c4d46267c6e8813fdcc766d94,48254183,Barclays
S1212000007217,Innovative Castle,https://www.InnovativeCastleeCX.com,Enabling your journey with:  Kids & Baby .,InnovativeCastle@example.com,d313392b239aa8d7fb8d565008fb7e605847ab401f55c039601356843301250d,40019996,HSBC
S1212000008398,Quality Fortress,https://www.QualityFortressfjz.com,"Creating wonders with:  Books, Kids & Baby, Health & Sports .",QualityFortress@example.com,a8e164e33e18129bcad347ce924043953762bbbc51ddd5f0cbf8f146db13a8bd,46431422,Barclays
S1212000009328,Harmonious Warehouse,https://www.HarmoniousWarehouseik2.com,A seller that provides:  Computing .,HarmoniousWarehouse@example.com,89e9769654fd8716a8905abf99018eff997510d867db660773c63f8d9a7f1dee,50241794,Barclays
S1212000010343,Dynamic Emporium,https://www.DynamicEmporiumfFl.com,"Bringing joy through:  Entertainment, Home & Living, Beauty & Grooming .",DynamicEmporium@example.com,15dbc580420fed9f632c23bbdc23fd2a87f5e9bc5b21aae3320c1bbbd91d3d92,27423303,Barclays
S1212000011113,Splendid Boutique,https://www.SplendidBoutiquesA3.com,"Enhancing your lifestyle with:  Kids & Baby, Computing .",SplendidBoutique@example.com,11d7333f274720918a6d778c5d472ee4ed6bffaffa1755bb4ad55c54724580e7,68545206,Natwest
S1212000012473,Sleek Coast,https://www.SleekCoastFAD.com,"Crafting experiences with:  Health & Sports, Beauty & Grooming .",SleekCoast@example.com,89eeb916e29b01b7353e2a71f527ea9b7c65e85b887fd4245303e931cd83106e,09128306,HSBC
S1212000013764,Premium Shops,https://www.PremiumShops2dx.com,Transforming lives through:  Men's Fashion .,PremiumShops@example.com,b4d9afea8660f9fc3932a399565e10673bf4a12ef986e4a824545f4987b7f618,31923381,Natwest
S1212000014701,Timeless Cave,https://www.TimelessCaveBcT.com,"Fulfilling your needs for:  Entertainment, Women's Fashion, Men's Fashion .",TimelessCave@example.com,5f59e71546244f348d3605b3fe6b7aef332ece376062d948492390bed0490bd8,72941394,Santander
S1212000015702,Fantastic Corner,https://www.FantasticCornerNfJ.com,"Where style meets substance:  Books, Women's Fashion .",FantasticCorner@example.com,e065fbbfba30ffa9437d26c6a067cb8ba599be25c49185d22c0f57902ec53366,61194880,Lloyds
S1212000016867,Flawless Tower,https://www.FlawlessTower2PV.com,"Transforming lives through:  Mobiles & Tablets, Computing .",FlawlessTower@example.com,7aaf729f3a577f51595fa0bdaecbaf8e7e0ea9cb0c3bb3b19aa896a120a13c78,81518487,Natwest
S1212000017808,Upscale Emporium,https://www.UpscaleEmporium63D.com,"Finding serenity in:  Home & Living, Men's Fashion, Books .",UpscaleEmporium@example.com,6bce20b49311fa6a5c8e3ecf5823d287dd61383566448486d186da9983748f4c,32472021,Santander
S1212000018190,Quality Arena,https://www.QualityArenaVZj.com,Inspiring greatness with:  Women's Fashion .,QualityArena@example.com,dbbfcf5c62075fede9718c4691aa346c4adc9a3a19b0e84817e4ab9863ec991a,41195502,Natwest
S1212000019447,Premier Center,https://www.PremierCenteryLY.com,"Setting the standard with:  Entertainment, Men's Fashion .",PremierCenter@example.com,eb85f5e37feb000beb1660b507bb40e6d2ff62ac9eb61778d4bd1658a50b10ba,66291340,Santander
S1212000020748,Innovative Emporium,https://www.InnovativeEmporiumJOy.com,Where comfort meets:  Computing .,InnovativeEmporium@example.com,820cdff9dab2d4e0d36b01b3170831c1d6b4a424e96e82b20fddffbe5313ec50,79824792,HSBC
S1212000021454,Innovative Station,https://www.InnovativeStationdoZ.com,Setting the standard with:  Women's Fashion .,InnovativeStation@example.com,d0a95d287cab867dbd01a81ae6dda2e19d75a964c32339a16714484e1550cbd6,00197829,HSBC
S1212000022939,Opulent Galaxy,https://www.OpulentGalaxyv0W.com,Where luxury meets:  Books .,OpulentGalaxy@example.com,4077a714aa9080ecba4bf4f1ca189d6dd30ca648368a24ba41743e50cc5b2797,01252971,Barclays
S1212000023125,Glamorous Fortress,https://www.GlamorousFortressxMU.com,"Your destination for finding:  Computing, Entertainment, Kids & Baby .",GlamorousFortress@example.com,d9a97150e46af430db4c9191fce3f667a245de6e545a948d00dfce7fbcc79b89,24899082,Natwest
S1212000024618,Reliable Warehouse,https://www.ReliableWarehouse7KT.com,Crafting a legacy with:  Home & Living .,ReliableWarehouse@example.com,98ee703c6549dc06701ed31d0f9510e46335c9a5c2ef5bcf1fc8c138643285f4,30059669,Barclays
S1212000025525,Fantastic Stores,https://www.FantasticStores1Uo.com,"Where innovation thrives:  Health & Sports, Kids & Baby .",FantasticStores@example.com,760324800d845f4c33f93a49ea9957a185fcd5e2261a3f166bb344b7c49ea327,14386666,HSBC
S1212000026748,Elegant Base,https://www.ElegantBasepsh.com,"Where elegance reigns in:  Home & Living, School & Education, Appliances .",ElegantBase@example.com,7407967cb41ec5def6e219b41a0d2952278f4be4ed1f4f617282268df5aa510a,48782521,Lloyds
S1212000027865,Innovative Galaxy,https://www.InnovativeGalaxyE5K.com,"Bringing you the best in:  Superstore, Mobiles & Tablets .",InnovativeGalaxy@example.com,fc7bc75ceb209e4ccf9b14e478b0ff6a0eee5640ecdea199857593189de496f5,15495076,Barclays
S1212000028310,Opulent Heaven,https://www.OpulentHeavenMZV.com,"Building a world of:  Mobiles & Tablets, Computing .",OpulentHeaven@example.com,4f0724ea2042aad57907fa563fe0079556762ec1b1eea371cfa0f815df2f677d,86319005,Natwest
S1212000029689,Advanced Arena,https://www.AdvancedArena79p.com,Elevating everyday life with:  Men's Fashion .,AdvancedArena@example.com,eed9723a9cf02945af6ec424a20bd340193635f623fc2f54f5947dd0b1645b6a,19910177,Lloyds
S1212000030692,Wholesome Palace,https://www.WholesomePalaceikQ.com,"Enhancing your lifestyle with:  Mobiles & Tablets, Computing .",WholesomePalace@example.com,41d08c31aab674c19a7be1fca83650a2d7bcec6368ec696e850e41eeb6d448ff,51497164,Barclays
S1212000031654,Fashionable Hub,https://www.FashionableHubYD8.com,Pioneering new frontiers in:  School & Education .,FashionableHub@example.com,06ad4ac4d1e4411840e1dd8168608208bfaec352442da864a98b0c28f32fae6f,38913092,Lloyds
S1212000032970,Exquisite Traders,https://www.ExquisiteTradersj28.com,Elevating everyday life with:  Books .,ExquisiteTraders@example.com,0690519e5cbc1b3c16e3b70a207967c96d37a02d6636f0138475d50d2440b84b,99043538,Santander
S1212000033472,Timeless Warehouse,https://www.TimelessWarehouseH49.com,"Elevating your experience with:  Beauty & Grooming, Home & Living, Appliances .",TimelessWarehouse@example.com,913219bf67a59babdf65aea4bfef4c7d02fc655e721c2a1392890e642969cb43,36447216,Lloyds
S1212000034943,Chic Lab,https://www.ChicLabLtT.com,"Shaping the future with:  Women's Fashion, Home & Living, Beauty & Grooming .",ChicLab@example.com,67097caef4e574585522b94a838484763ec73ad5888146bd394930e88ba2a540,31224431,Santander
S1212000035242,Perfect Grove,https://www.PerfectGrovenfr.com,Curating the best of:  Women's Fashion .,PerfectGrove@example.com,15196cd334135edd8e7d01e6564cc357468f62d52f5bdb9e074be759da57dd38,15256919,Santander
S1212000036643,Smart Territory,https://www.SmartTerritoryb3h.com,Finding serenity in:  Entertainment .,SmartTerritory@example.com,3c3f013bb26706e7d1adb499262825d38cbcbf6486d67c9dab954a64a2ae5980,16107518,Santander
S1212000037589,Glamorous Distributors,https://www.GlamorousDistributorsku4.com,Discover the world of:  Mobiles & Tablets .,GlamorousDistributors@example.com,7fe2e3fffc1af3123a1ae0da1e1f5274be16c1edaed425b03c90a8bb95ae3131,35586876,Santander
S1212000038720,Special Merchants,https://www.SpecialMerchantsgYw.com,Where innovation thrives:  Men's Fashion .,SpecialMerchants@example.com,8b5c16c27867d35029a004d679475548a5981a43866d190117e1559942d5369e,38581881,Lloyds
S1212000039874,Creative Lab,https://www.CreativeLabh6j.com,"Where comfort meets:  Beauty & Grooming, Superstore, Kids & Baby .",CreativeLab@example.com,5e54591bcefceb176111b73079c31b9737ba1967a5d3a88ff0f2370ddd329570,87989119,HSBC
S1212000040941,Creative Station,https://www.CreativeStationKq2.com,"Embrace the beauty of:  Health & Sports, Home & Living, Mobiles & Tablets .",CreativeStation@example.com,1bf4b9c946bbb55100be926a1b132bf0cd08b7d423a22f7f65fddfe5a55ec2c9,49135339,Barclays
S1212000041122,Vintage Galaxy,https://www.VintageGalaxyfNZ.com,"Empowering you with:  Beauty & Grooming, Superstore .",VintageGalaxy@example.com,47cdb6e8eab418ebdce06f981f6c3bb15ad66b7302c0effbfdc5614e74f35651,37411300,Natwest
S1212000042408,Stylish Hive,https://www.StylishHivefUB.com,Your one-stop shop for:  Home & Living .,StylishHive@example.com,7717751d99ab0a2a8128c40217501c5e0e47df13f0ce6b970e37baa25a2d30ae,71857789,Lloyds
S1212000043234,Prime Room,https://www.PrimeRoomFWI.com,"A seller that provides:  School & Education, Men's Fashion .",PrimeRoom@example.com,2ba41314ff9c139e451d6f71f44fa8b5437368827006ed2331115aa53fd69fd9,19276212,Natwest
S1212000044920,Exquisite Market,https://www.ExquisiteMarketBUt.com,"Curating the best of:  Health & Sports, Computing, Books .",ExquisiteMarket@example.com,4fbcf4e0e7b0dfc9a501c4be0242b67bccb68dbb14dcfaa2bbd1747860cee28a,18102392,Natwest
S1212000045323,Fashionable Square,https://www.FashionableSquareaek.com,"Empowering you with:  School & Education, Books .",FashionableSquare@example.com,69895573f0238683c0bab6b6f31eaa1345e9d7648103f270a2d8236e78245411,54373601,HSBC
S1212000046265,Exquisite Hive,https://www.ExquisiteHiveUtb.com,"Unleash your passion for:  Mobiles & Tablets, Superstore .",ExquisiteHive@example.com,d70ddc8c722726a125dd19b6a150384ceb7673593204d38b7d4b038e26d98a21,72438203,Barclays
S1212000047316,Premium Fortress,https://www.PremiumFortress9V9.com,"Pioneering new frontiers in:  Books, Appliances .",PremiumFortress@example.com,9d889f2ce0b4367531c2fbdf87bba280a95c383f9e179e66525a7d9784ca15b0,80541686,Santander
S1212000048389,Flawless Emporium,https://www.FlawlessEmporium2Yj.com,Empowering you with:  Appliances .,FlawlessEmporium@example.com,950be479fb8c1fb47cafcdfb7cee6b921f84d506da246f8537be8d720de81a00,33990837,Lloyds
S1212000049680,Global Center,https://www.GlobalCenterY6W.com,"Transforming lives through:  Women's Fashion, Beauty & Grooming, Home & Living .",GlobalCenter@example.com,eea9e52f8edd51317f21c5d7692683f6214dc05b18aae834dc071fbd620441bf,50602571,Natwest
S1212000050171,Advanced Heaven,https://www.AdvancedHeaveng8L.com,"Unveiling the beauty of:  Superstore, Beauty & Grooming .",AdvancedHeaven@example.com,a70ecf2b812c149fdbd14edfd5476c0561bcdc14165fcceba386e141432d9853,71305376,Barclays
S1212000051687,Majestic Warehouse,https://www.MajesticWarehouseRJ0.com,"Pioneering new frontiers in:  Mobiles & Tablets, Computing, Superstore .",MajesticWarehouse@example.com,41503fcea71d76944b4a7b3d7bdad3b2286719a5b0efa3c86f3d3cffd0d1ac11,99141370,HSBC
S1212000052674,Premier Tower,https://www.PremierTowerwYH.com,Unlocking the potential of:  Books .,PremierTower@example.com,3dcc1adced88d5c53e8767459a4e05a4fccd1516b91e9ddcc66d236f2fb1e1d4,57255156,Lloyds
S1212000053240,Trendy Haven,https://www.TrendyHavenxd1.com,Where adventure awaits in:  School & Education .,TrendyHaven@example.com,3921fc6ab3f09a2c958d4c03371a903078b09de0c93d00532e1e2e808ca9b061,40531330,Natwest
S1212000054821,Premier Lab,https://www.PremierLabC5w.com,"Discover the world of:  School & Education, Health & Sports, Entertainment .",PremierLab@example.com,e7b4b7b290acfe066455f48fb1384097dc758cfc67ffe3f7a9a7d474ffed98db,95801656,Lloyds
S1212000055964,Fantastic Spot,https://www.FantasticSpot6k1.com,"Curating the best of:  Health & Sports, Appliances .",FantasticSpot@example.com,1f1a94d59f65ea92f167cef938c025c09dc97c4643273a5f471003f97d97cc0b,14597653,Santander
S1212000056958,Vintage Shops,https://www.VintageShopsG13.com,Where style meets substance:  Books .,VintageShops@example.com,5af3f1af1b5df9ba30bdf7d759adb95d71fc8c02a58c8d06111c980581f2df87,01047800,Barclays
S1212000057252,Vintage Hive,https://www.VintageHiveYX6.com,"Where elegance meets:  Books, Women's Fashion, School & Education .",VintageHive@example.com,0553251b3ae66041ddb868a9402278da917acb1ba056485f63abc1aec910a2ca,99183803,Barclays
S1212000058393,Prime Square,https://www.PrimeSquareVcG.com,"Specializing in:  Men's Fashion, School & Education .",PrimeSquare@example.com,45a41fba4dab44a3c814cd1b572a35f78fdbe4d000e6d12dfc9d8d9bae1229f4,81086526,HSBC
S1212000059376,Exquisite Corner,https://www.ExquisiteCornerDHb.com,"Experience the magic of:  Beauty & Grooming, Entertainment, Superstore .",ExquisiteCorner@example.com,5c95b2505e46fa84fb8058b724cbcc2ffac7ad74578a213391773835714b42f4,73008342,Santander
S1212000060562,Vibrant Territory,https://www.VibrantTerritoryN5t.com,"Weaving dreams with:  Beauty & Grooming, Kids & Baby, Home & Living .",VibrantTerritory@example.com,d1fbd38b99f2dbeb9f7c96f00bb162af085fbaf6a1d633c8f456227a0e77cfe6,87054898,Natwest
S1212000061140,Stylish Mansion,https://www.StylishMansionnyS.com,"Enabling your journey with:  Kids & Baby, Entertainment, Beauty & Grooming .",StylishMansion@example.com,5fd58a9c589427ea177d676b727397642d9d8a58da9277d79380cc440bf0da81,40331942,Lloyds
S1212000062530,Eco-friendly Fortress,https://www.Eco-friendlyFortressgN8.com,"Building a world of:  Men's Fashion, Books, Superstore .",Eco-friendlyFortress@example.com,221e4e82c0cf0df010a866e7e509c790c83ba84141ca6c09a926500840aa807f,45096183,Lloyds
S1212000063189,Advanced Center,https://www.AdvancedCenterIEv.com,Crafting excellence with:  Women's Fashion .,AdvancedCenter@example.com,1ea2cc61b538413acca84b690da8d8f0d891dd0ab4279ff0937b00756a009abb,19627242,Natwest
S1212000064415,Dynamic Club,https://www.DynamicClubp6v.com,"Where dreams become reality:  Kids & Baby, Mobiles & Tablets, Computing .",DynamicClub@example.com,bff863b72e4add2e9aad62cc6f8df0391184bf28fd3cce143c3283fd3428620a,56477290,Natwest
S1212000065322,Vintage Station,https://www.VintageStationC3G.com,"Crafting a legacy with:  Home & Living, Kids & Baby, Appliances .",VintageStation@example.com,fb8676feda6badf1f570a3bdb94383541fe2dd0ed6063ee91ee26a661eeb3989,33384640,Lloyds
S1212000066627,Eco-friendly Empire,https://www.Eco-friendlyEmpireRX0.com,"Where quality meets:  Men's Fashion, Books, Mobiles & Tablets .",Eco-friendlyEmpire@example.com,7c94bf49b5409cf9c599f7e5e86956e6ef382a883201bacbb2558e0f5936b712,31091339,Santander
S1212000067215,Splendid Merchants,https://www.SplendidMerchantsETh.com,"Connecting you to:  Women's Fashion, Computing .",SplendidMerchants@example.com,aeebe8eafba9561680b186b96580cd6132a3a1e13e89109bcddc282b16e747f6,17523101,Lloyds
S1212000068705,Trusted Hub,https://www.TrustedHubx7D.com,"Shaping the future with:  Men's Fashion, Entertainment, Women's Fashion .",TrustedHub@example.com,30d2a5b09c9e8798aa0e09d0f955709f141a10ad242343bd39128b0fcf3ef2fb,74614868,Santander
S1212000069873,Vibrant Station,https://www.VibrantStationwKF.com,Curating the best of:  Entertainment .,VibrantStation@example.com,24d02c5b67c5554bb57c59307e68b7367893f25fd2b74b5c1d729520cc8b07ff,78909604,HSBC
S1212000070846,Unique Collections,https://www.UniqueCollectionsqz6.com,"Where adventure awaits in:  Health & Sports, Superstore .",UniqueCollections@example.com,beb492c1dd661ae2cf2fb4a6bebd241c77a9634142c844c4e5f2bdd06a055d60,21621898,Lloyds
S1212000071555,Inspiring Forum,https://www.InspiringForum44Q.com,"Discovering treasures in:  Health & Sports, Kids & Baby, Computing .",InspiringForum@example.com,e14aa2c1bdd86f7b85113e46471a630a3fa89afd67119a29f5a2fc2a215555bd,87392369,Natwest
S1212000072697,Vintage Mart,https://www.VintageMartwzJ.com,"Creating wonders with:  Kids & Baby, Home & Living, Superstore .",VintageMart@example.com,b90b1e7defe600dc7aa8ac73b15d9b5649f70e73e45f80bd769d63bcb0b4e237,30423042,HSBC
S1212000073953,Creative Cave,https://www.CreativeCaveSho.com,Where quality meets:  Kids & Baby .,CreativeCave@example.com,0a900984f16bdd8350346a7db0274f45e76ad6e5fc4fc08b31399198e2483aa3,00823588,Natwest
S1212000074138,Dynamic Boutique,https://www.DynamicBoutique6JS.com,"Elevating your experience with:  Appliances, Home & Living, Mobiles & Tablets .",DynamicBoutique@example.com,525adc9e489c32b7a65dba26457dfb45d6fd020c05682d237b13abbfd043b0ae,27090656,Barclays
S1212000075258,Eco-friendly Haven,https://www.Eco-friendlyHavencMG.com,"A seller of a variety of products ranging from:  Home & Living, Entertainment .",Eco-friendlyHaven@example.com,67f52bbb5557565357b576d642290811e88b5fb187bc81bc50a4fd7e16cd1f53,47900972,Barclays
S1212000076851,Special Mart,https://www.SpecialMartLSz.com,Where elegance meets:  Home & Living .,SpecialMart@example.com,79021ec006ead39343dd0482775a4812eb252ddeb72ec1ee50f9ed1c185066f8,37429003,Natwest
S1212000077308,Wholesome Cave,https://www.WholesomeCaveBzq.com,"Elevating your experience with:  Women's Fashion, Superstore, Books .",WholesomeCave@example.com,50af0552e091e97d16875c3aa965df614e719dee037d4f2ff0f4242ddcd01319,14874193,Natwest
S1212000078473,Innovative Solutions,https://www.InnovativeSolutionsw0L.com,"Inspiring greatness with:  Men's Fashion, Appliances, Women's Fashion .",InnovativeSolutions@example.com,0db71b8bca7fc4439aa567b1c43751a5c27b1697d3b39948c4f332fe8d042f4c,11381319,Lloyds
S1212000079917,Prime Nest,https://www.PrimeNestjSL.com,Where adventure awaits in:  Home & Living .,PrimeNest@example.com,1c52579ec91cc2a8b0a8389b45cd6f6185975f9cbefe1182ebbc6204a3349990,63961159,HSBC
S1212000080133,Exquisite Galaxy,https://www.ExquisiteGalaxyOha.com,"Embrace the beauty of:  Health & Sports, Appliances, Kids & Baby .",ExquisiteGalaxy@example.com,e861f68e166774de30440c56eb063e724d1f21eb321357adb4d3383eb77585e2,07769792,HSBC
S1212000081615,Modern World,https://www.ModernWorldp1b.com,Discovering treasures in:  Mobiles & Tablets .,ModernWorld@example.com,0722005776dc6d6a58899de4c259ec31654614455be0816752a5c30aa7102c8e,91065360,Natwest
S1212000082112,Luxury Room,https://www.LuxuryRoomNnl.com,Enabling your journey with:  Superstore .,LuxuryRoom@example.com,a0b558ce4b67413b39e9ef5486493df2feebe07f2d6468d7f659c3e66010fd5b,88636193,Lloyds
S1212000083168,Sustainable Sanctuary,https://www.SustainableSanctuaryzhO.com,Embrace the beauty of:  Books .,SustainableSanctuary@example.com,2dd8b7bbed85c9b17ebbb92ff0220ac78ffdc55ed874bd3bb052e4537e353d63,30615673,HSBC
S1212000084994,Global Fortress,https://www.GlobalFortressh4i.com,Crafting excellence with:  Health & Sports .,GlobalFortress@example.com,302a456e38372813530ae7d3c44b23df86eb0c9c92dfcdf69736290f068f86a1,20737204,Lloyds
S1212000086508,Chic Territory,https://www.ChicTerritoryNba.com,"Empowering you with:  Home & Living, Computing, Kids & Baby .",ChicTerritory@example.com,1bf1f7d0713628c273b40f5c7dbc9759bd876e3d62c7defc36748f533daa6968,13065461,HSBC
S1212000087407,Splendid Spot,https://www.SplendidSpoti2g.com,Where happiness resides in:  Appliances .,SplendidSpot@example.com,7e4d5da5b4c7da0e4836267a50a1c7b1a8deca3f0d51ae49e9a9218f390b40a7,61304671,HSBC
S1212000088377,Luxury Warehouse,https://www.LuxuryWarehousemCt.com,Bringing joy through:  Entertainment .,LuxuryWarehouse@example.com,51dbf4d8a2fb56a037a8792b3e0686f8a912e632c3980388851f8dfd6fa29c98,02109290,Lloyds
S1212000089188,Vintage Heaven,https://www.VintageHeavenn7p.com,"Where dreams become reality:  Computing, Books, Beauty & Grooming .",VintageHeaven@example.com,cd286ab753e1c4c5a893290e904d1285642b9a26a7121eebb5de39c0686334fc,13619007,Natwest
S1212000090636,Upscale Goods,https://www.UpscaleGoodsgJS.com,"Explore our selection of:  Superstore, Books .",UpscaleGoods@example.com,d8421e3fb65f52492995cdab96188aec3a6991751d076ec978b443ba54583d4d,27609675,Natwest
S1212000091390,Timeless Stores,https://www.TimelessStoreslyA.com,"Where adventure awaits in:  Superstore, Women's Fashion .",TimelessStores@example.com,95f96687ba06f7f4696df0b272e0ce505377d84073eae893e0af8170d31c530a,65894354,Santander
S1212000092523,Vintage Traders,https://www.VintageTradersmtj.com,Where elegance reigns in:  Women's Fashion .,VintageTraders@example.com,b47de4a6ba3a343cb3b032bb7b430ab0b1e2528b36ca5332aedb5f4a743e1747,69280190,Natwest
S1212000093979,Dynamic Forum,https://www.DynamicForumDOl.com,Your one-stop shop for:  Entertainment .,DynamicForum@example.com,51ad7fdb53587a0341ecf97814ad9ddf076d52087cb281e0821e2090d63195e0,93158365,Natwest
S1212000094385,Flawless Coast,https://www.FlawlessCoasthg4.com,"Where style meets substance:  Health & Sports, Beauty & Grooming, Appliances .",FlawlessCoast@example.com,cbf65f5d0868076d5a829e67fe42da58a0b8114d0b743536bd0adfc026887208,75825872,Lloyds
S1212000095770,Upscale Deals,https://www.UpscaleDealsosW.com,"Where beauty blossoms in:  Appliances, Kids & Baby, Books .",UpscaleDeals@example.com,347fabb01dd3cab6d7e43454f6f3f01dfa02a7cfaf0c90d9fd0ebaef2322f0a4,91316558,Barclays
S1212000096220,Modern Center,https://www.ModernCenterQMY.com,"Enhancing your lifestyle with:  Mobiles & Tablets, Books .",ModernCenter@example.com,5891b4235ef54f6dbc0976b099d0bf6425790ace0beaf30691e462a17ef4f91b,98217446,Natwest
S1212000097209,Fresh Sanctuary,https://www.FreshSanctuaryw5I.com,Elevating your experience with:  Women's Fashion .,FreshSanctuary@example.com,11636f2ef60aa0b5ce3c47e1706efe1d70e86d06dcf2d0c1f9e0e4e7df1110b1,10393145,Santander
S1212000098257,Prime Outfitters,https://www.PrimeOutfittersfgd.com,Fulfilling your needs for:  Superstore .,PrimeOutfitters@example.com,84f1b2ebe72563bc927c7fb575e363fc8ac8760068ce4fa0da5cdd8ac023ad41,66666259,HSBC
S1212000099163,Creative Warehouse,https://www.CreativeWarehousejqV.com,Unlocking the potential of:  Beauty & Grooming .,CreativeWarehouse@example.com,d0d5c70ba48009036f2f4036584c7b268649a2cfccba1af4ccf858da2f81a240,50034002,Barclays
S1212000100582,Elegant Boutique,https://www.ElegantBoutiqueh0c.com,"Your one-stop shop for:  Entertainment, Mobiles & Tablets, Computing .",ElegantBoutique@example.com,12ee5c9be5787635cb050144a46109d2713797d432442e596e9a38a372fd70f0,18081893,Natwest
S1212000101576,Eco-friendly Emporium,https://www.Eco-friendlyEmporiumR0T.com,"A seller that provides:  Appliances, Entertainment, Home & Living .",Eco-friendlyEmporium@example.com,b0660497bcd6288fab66514dccc20c5cee06614a3a96298eba4260a6acaebd48,19363825,Natwest
S1212000102579,Premier World,https://www.PremierWorldKnB.com,"Unveiling the beauty of:  Superstore, Mobiles & Tablets .",PremierWorld@example.com,6bc28e23794f47dbb61e40a19c6926e5f6f0c0e8bfa3a2a61974a793ee4475a1,62565082,Santander
S1212000103810,Stylish Palace,https://www.StylishPalacefiG.com,"Fulfilling your needs for:  Women's Fashion, Superstore .",StylishPalace@example.com,1a67bc0c95a80570d280dff63ce462c02eca23c1b6b9ec42adc814846535426d,45643425,Santander
S1212000104166,Timeless Base,https://www.TimelessBaseZTs.com,Crafting dreams with:  Mobiles & Tablets .,TimelessBase@example.com,a83164a204638f0ae844f72a36c98384d07b7add0505e104e5c5f3a7544fb5d8,51937918,HSBC
S1212000105762,Dynamic Outfitters,https://www.DynamicOutfittersKHa.com,"Where adventure awaits in:  Home & Living, Beauty & Grooming, Mobiles & Tablets .",DynamicOutfitters@example.com,e1718ed370daba1a4b50c6dfd5b8b387d6e5d3f0fdd793e5ba2097001f3c7b3e,94978993,Barclays
S1212000106989,Special Mansion,https://www.SpecialMansionBZD.com,"Bringing you the best in:  Entertainment, Books .",SpecialMansion@example.com,069d6da251b29d99225a02a99eaae5dc7e7b1d246465056de26ce017f40619f5,99158711,Santander
S1212000107946,Luxury Galaxy,https://www.LuxuryGalaxyd6z.com,"Where comfort meets:  Health & Sports, Beauty & Grooming .",LuxuryGalaxy@example.com,c316aa60b95f75e0441531fb07fc70e98335b0f7e10e1dc2c360e07f9a2fc225,16715115,Lloyds
S1212000109264,Creative Center,https://www.CreativeCenter1Js.com,"Crafting memories with:  Men's Fashion, Entertainment, Beauty & Grooming .",CreativeCenter@example.com,ff0b166c06482f95475fe868444a59df30b8f3f59019425035e724760c798af1,51201155,Santander
S1212000110747,Dynamic Station,https://www.DynamicStationIGM.com,Crafting experiences with:  Appliances .,DynamicStation@example.com,62cd793fbbec35c21490796b07a008188cf2f6e0eefec5ef131e6957a285d3fb,09839368,Natwest
S1212000111150,Sustainable World,https://www.SustainableWorlde8w.com,"Where dreams become reality:  Appliances, Health & Sports, Women's Fashion .",SustainableWorld@example.com,19ec00dc4db9e2b08482f586e36ff2b3ac3399cb2507ce44ef6d1d7daef19029,69583205,Santander
S1212000113277,Majestic Center,https://www.MajesticCenterWue.com,"Unveiling the beauty of:  Entertainment, Mobiles & Tablets .",MajesticCenter@example.com,25c2f653adfb42f9443c475d2ea2c0c00c1723abe18510f5c19ac6775ab4b1fa,93538376,Natwest
S1212000114461,Premium Square,https://www.PremiumSquare3lb.com,"Creating wonders with:  Entertainment, Superstore .",PremiumSquare@example.com,cc5dc09ee5b3206d091e99bc2d0239ab0203289a3f1fc89a18e7e6f2cbe4e7d9,93033201,Lloyds
S1212000115335,Trusted Empire,https://www.TrustedEmpire1rd.com,"Where luxury meets:  Health & Sports, Women's Fashion, School & Education .",TrustedEmpire@example.com,3033c9795ce5f9a448b9c9dc7331e8e7067fd55ce1d621f72c80ce52d6495943,13800392,Natwest
S1212000116709,Ultimate Palace,https://www.UltimatePalacePUw.com,Crafting a legacy with:  Health & Sports .,UltimatePalace@example.com,e7875fefd2e34772dcf360aa8cca8c80356e87d639f7942ca8c2f759d877c9c2,30613954,Barclays
S1212000117429,Splendid Territory,https://www.SplendidTerritory1ha.com,"Creating wonders with:  Beauty & Grooming, Home & Living, Men's Fashion .",SplendidTerritory@example.com,6870803908e1e004587d3a1272490f9ff3e4c92f4c25de62a87270d60dc18a0b,22173998,HSBC
S1212000118825,Smart Fortress,https://www.SmartFortress3kK.com,"Unleashing potential through:  Women's Fashion, School & Education .",SmartFortress@example.com,2dd61287129caba1b1f6b84799b54bc6ae666f5741f0484426f6e75e49bc5df5,64245326,Barclays
S1212000119226,Dynamic Empire,https://www.DynamicEmpirekoo.com,Unveiling the beauty of:  Superstore .,DynamicEmpire@example.com,640187389311050fe382fdf0bc9b1abe4090d779ebd272696b752c66364c38ed,87517311,Lloyds
S1212000120311,Unique Emporium,https://www.UniqueEmporium43P.com,"Where dreams become reality:  Men's Fashion, Superstore, Health & Sports .",UniqueEmporium@example.com,5c323d2de6422427a07aa55f72ab296dee8527ad9b7ce4493feb4777d168575a,52921541,Barclays
S1212000121785,Dynamic Arena,https://www.DynamicArenaooZ.com,"Capturing the essence of:  Superstore, Women's Fashion, School & Education .",DynamicArena@example.com,2891c392065f8e6e8d0ec7fc909fb4766446b4aa7228cf4fc719603d8d111a3e,67494086,Santander
S1212000122884,Sustainable Traders,https://www.SustainableTradersRO8.com,"Finding serenity in:  School & Education, Computing, Health & Sports .",SustainableTraders@example.com,1679846cc140a889c176b996039acc119168437789af85bde58325d405d52bc8,29003895,Barclays
S1212000123913,Exquisite Grove,https://www.ExquisiteGroveyJc.com,"Enhancing your lifestyle with:  School & Education, Beauty & Grooming, Home & Living .",ExquisiteGrove@example.com,1bd40c8e62cb9a2b8027fe417bd07eedd3baa69173069adf559dbe6c7460adbf,11442561,Natwest
S1212000124409,Dynamic Shops,https://www.DynamicShopsgd3.com,"A seller of a variety of products ranging from:  Home & Living, Computing .",DynamicShops@example.com,f67ed543690f4b1e264124786dda0b5e5a69ffa049fdf3f0fc90c96bd1d2a603,37203510,HSBC
S1212000125843,Majestic Spot,https://www.MajesticSpotN0K.com,"Where elegance meets:  Mobiles & Tablets, Superstore, Computing .",MajesticSpot@example.com,f7e023ff1599cd7a0ddd4d606ee7bac4021706b712f8ab0361c18492458dbda7,27300447,Natwest
S1212000126977,Harmonious Galaxy,https://www.HarmoniousGalaxyxLd.com,Unleash your passion for:  Entertainment .,HarmoniousGalaxy@example.com,8261ec966a9bd84ae605d9589f45e15ee96dab7e35a56d182edb6b2e055c9f67,57665483,Barclays
S1212000127342,Vintage Base,https://www.VintageBaseckj.com,"Explore our selection of:  School & Education, Women's Fashion, Men's Fashion .",VintageBase@example.com,2be26219e4008c7e5786c4fb7ce496d09b064cbbf4b6e18ca6c5faf0142565fa,40972443,HSBC
S1212000128961,Supreme Distributors,https://www.SupremeDistributorsCwe.com,Specializing in:  Books .,SupremeDistributors@example.com,349199b3853791a040d8fd2b6861b864e3302c11b439bf869f1cb58c86ea25ee,41840074,Barclays
S1212000129946,Premier Base,https://www.PremierBasexFy.com,"Specializing in:  Superstore, School & Education, Appliances .",PremierBase@example.com,34f4418d68759b9c8f83de18e948056ff7c34a65918246b9612b50f9adaad473,02172543,HSBC
S1212000130891,Reliable Galaxy,https://www.ReliableGalaxykjo.com,Unleashing potential through:  Men's Fashion .,ReliableGalaxy@example.com,21b6c57644d6541d9d878ca52428b52642b56c5e607a63089009c8f5c43c7920,73984246,HSBC
S1212000131212,Dynamic Galaxy,https://www.DynamicGalaxyY7E.com,Where innovation thrives:  Superstore .,DynamicGalaxy@example.com,38f0b711acbe55cf331ffb832328a8f3fcdbc806c2ed9903ec59f747924e05dc,87582271,Santander
S1212000132718,Unique Place,https://www.UniquePlacejS6.com,"Where adventure awaits in:  Books, Computing .",UniquePlace@example.com,861c76234b14cf3473d911d8ee6255faeaadd2653299cf48ab7b091258dd6f68,19285121,Natwest
S1212000133576,Elegant Tower,https://www.ElegantTowerxIX.com,"Discovering treasures in:  School & Education, Men's Fashion, Mobiles & Tablets .",ElegantTower@example.com,49178780f9adae00f8aa7d37c9b076c0c5155dc7363e293c5ef5414591e8477a,15074822,Lloyds
S1212000134250,Fashionable Traders,https://www.FashionableTradersjhR.com,"A seller that deals with:  Kids & Baby, Books .",FashionableTraders@example.com,300a2720452e19afe0c72f5ff967574661de00aa5a805e855cca483004a725eb,10776790,Lloyds
S1212000135765,Eco-friendly Arena,https://www.Eco-friendlyArenaPFM.com,"Pioneering new frontiers in:  Health & Sports, Appliances, Men's Fashion .",Eco-friendlyArena@example.com,7f7807836685ef7fa6e42a9ce1bd477f453417e6152fed14311576dc992233a7,86515131,HSBC
S1212000136713,Smart Place,https://www.SmartPlacegLq.com,Elevating your experience with:  Home & Living .,SmartPlace@example.com,d7841122ff2dcdcdc1f05c2ba74a5ec34431dd4a350976cebdfb010ee49145d2,55217385,Natwest
S1212000137866,Elite Sanctuary,https://www.EliteSanctuarytGK.com,Where happiness resides in:  Mobiles & Tablets .,EliteSanctuary@example.com,b05d7d2653d2972e237cb63ce39e4fed0527e2c30b74e75cccd5fc6f71451fb2,10875734,Santander
S1212000138259,Eco-friendly Spot,https://www.Eco-friendlySpotjSj.com,"Where innovation thrives:  Kids & Baby, Health & Sports .",Eco-friendlySpot@example.com,29a5eb24b4128b4f741df076a677859a7651d1bf7804cd056667342a37212b89,19448619,Barclays
S1212000139490,Elegant Fortress,https://www.ElegantFortressbow.com,Unveiling the beauty of:  Beauty & Grooming .,ElegantFortress@example.com,9160aff20a029651fdf42a4804480f0908d90f8a9467727bb9c57d1559bb90ed,89989960,Natwest
S1212000140254,Smart Base,https://www.SmartBaseUNI.com,"Where passion meets:  Home & Living, Superstore, Men's Fashion .",SmartBase@example.com,ec9b3ffd1c91312231cd4ff0e79e9a9314279462055971e06ebbb27608aae595,08652363,Natwest
S1212000141525,Supreme Territory,https://www.SupremeTerritorybfT.com,"Creating wonders with:  Books, Entertainment, Beauty & Grooming .",SupremeTerritory@example.com,c100916d15ff070f452f427111b5e93f305a7488981c6faf61e60d354c3121e6,36061740,Natwest
S1212000142104,Supreme Stores,https://www.SupremeStores6UY.com,"Experience the magic of:  Appliances, Mobiles & Tablets .",SupremeStores@example.com,558cc42f79df3cde0b570f4563d3f6d365fd59cfd919b351f4906f56a91ef5c6,26067159,HSBC
S1212000144883,Global Outlet,https://www.GlobalOutletovV.com,Enabling your journey with:  Health & Sports .,GlobalOutlet@example.com,33c999bae0b2d63b6b9e5c38438179384bc6a1998dbe102415d666467cace8c9,70283372,Santander
S1212000145379,Supreme Bazaar,https://www.SupremeBazaarhCO.com,Finding serenity in:  Books .,SupremeBazaar@example.com,1219dde7eca69470aa0d88ba91d58b2fac494df4d2737eb91b11e8a5d733c1d7,34193653,Lloyds
S1212000147888,Splendid Traders,https://www.SplendidTradersiH3.com,Where innovation thrives:  Superstore .,SplendidTraders@example.com,d855fc6d1cfb7d111d73e2353dae3bcc9aa05746ff83a5f0aa4d0482f55ec1c5,06401455,Natwest
S1212000148666,Splendid Tower,https://www.SplendidTowerOQ3.com,Where quality meets:  Beauty & Grooming .,SplendidTower@example.com,85b9a580bdd80ebc4bd352f40a578609d8bef67ae32949d66a1b8b03b85b525f,07738830,Santander
S1212000149942,Opulent Room,https://www.OpulentRoomkdg.com,Finding serenity in:  Kids & Baby .,OpulentRoom@example.com,fb3bdaf39e11f303c03855eb86f14581e60f1a6ac5f6c1cae5af866848cef56e,22554698,Natwest
S1212000150337,Modern Hive,https://www.ModernHive3X7.com,Discovering treasures in:  Beauty & Grooming .,ModernHive@example.com,8997267ff5cc71aa4cbf52a12b33c278538208f0d4f4b7f381f1f2f585147da4,65999226,Lloyds
S1212000151863,Inspiring Empire,https://www.InspiringEmpirek1G.com,"Where quality meets:  Superstore, School & Education, Books .",InspiringEmpire@example.com,4aa5be921cddcbd8b44ff187e58421d2c0b5f79f72ddf1449a5b2d1b6926873a,73640030,Barclays
S1212000152438,Innovative Hive,https://www.InnovativeHivek75.com,"Where style meets substance:  Appliances, Home & Living .",InnovativeHive@example.com,97a0710af6c07c21159f066db71f0b6c6e5e1e042b873670f6dd90715adbb960,13819245,Barclays
S1212000153138,Stylish Depot,https://www.StylishDepotLuj.com,"Unveiling the beauty of:  Entertainment, School & Education .",StylishDepot@example.com,978336c51bcfb6aa14b0da15e89149910b12f488b32560c0d7bdf1d52cbc3a52,90584057,Natwest
S1212000154921,Fashionable Room,https://www.FashionableRoom4Xc.com,"Capturing the essence of:  School & Education, Books .",FashionableRoom@example.com,a3a390ef54347d1d77fe12f02041bd4c9076485478455f4a320d59ab6eee030f,18338949,Santander
S1212000155236,Supreme Plaza,https://www.SupremePlazaIH5.com,"Enhancing your lifestyle with:  Home & Living, Beauty & Grooming, Kids & Baby .",SupremePlaza@example.com,57f10992ac18ad9f1c6427f526c913a3927054857b6772d41337f5cae0b536f7,33123472,HSBC
S1212000157837,Quality Cave,https://www.QualityCavehb6.com,"Where luxury meets:  Women's Fashion, Computing .",QualityCave@example.com,f57b005c391bfaf7fc6aeb1e0ca8d98c03b9ea6f58130c468de83fe1b5db7f8a,37013912,Santander
S1212000159688,Exquisite Boutique,https://www.ExquisiteBoutiqueFng.com,A seller that deals with:  Entertainment .,ExquisiteBoutique@example.com,6c10de461bc9a9d0246a8542e5c11a1e28b49a226ca1606db18862a39871d5f6,24305200,Natwest
S1212000160182,Inspiring Haven,https://www.InspiringHavenmhL.com,A seller of a variety of products ranging from:  Kids & Baby .,InspiringHaven@example.com,5f721938c4aebc350d7965ead688f13bb6148753e914e9077822d9cbd107065e,52981619,HSBC
S1212000161795,Chic Forum,https://www.ChicForumkPq.com,Fulfilling your needs for:  Entertainment .,ChicForum@example.com,7b015b2714dfc82ab9cb44388044515aa6905d2c8f20e0345340fcb463b7465c,97144829,HSBC
S1212000162978,Radiant Castle,https://www.RadiantCastleg2R.com,"Your one-stop shop for:  Superstore, Home & Living, Appliances .",RadiantCastle@example.com,61ad790dfe481193ebb1e0efb702e4a34a4b59d6a862fd3e1c32e0e27c550996,40494471,Lloyds
S1212000163138,Dynamic Mansion,https://www.DynamicMansion7sW.com,Pioneering new frontiers in:  Beauty & Grooming .,DynamicMansion@example.com,82ce1cf9808ff0b3a1fa41186571924f8c76575adf12430c33a17b657eddbea8,95768479,Lloyds
S1212000164295,Perfect Place,https://www.PerfectPlaceNoT.com,Your one-stop shop for:  Women's Fashion .,PerfectPlace@example.com,af0fc5aadfc390c2eb93ad8db0ea0ca979467286955a32069b54051a9e85147e,01902229,Santander
S1212000165868,Majestic Mansion,https://www.MajesticMansionnzA.com,"Crafting memories with:  Kids & Baby, Appliances, Beauty & Grooming .",MajesticMansion@example.com,401ce7ee3e2101b77b5d255149385a2a4b9a3679dbe296b6c6e09a591cac464a,51978126,Santander
S1212000166779,Fresh Mart,https://www.FreshMartqGX.com,"Specializing in:  Beauty & Grooming, Health & Sports .",FreshMart@example.com,8b602f6296ce6a349108d86350c7f36a56711bcfbc620e18f84589eedc7636cd,74487356,Barclays
S1212000167385,Fantastic Haven,https://www.FantasticHavenrtA.com,Elevating your experience with:  Superstore .,FantasticHaven@example.com,c9fd60c12e3e2f060d175ec3806bcf4f339d8dd114698a94a1868e95c7993838,79258215,Barclays
S1212000168705,Unique Shops,https://www.UniqueShopsPj0.com,"Pioneering new frontiers in:  Kids & Baby, School & Education, Appliances .",UniqueShops@example.com,942aae08ea29ccde01c720ae0b6afd58da2175146e23e3a3690232c9fdddcce4,01026111,Santander
S1212000169599,Fantastic Nest,https://www.FantasticNestiEs.com,"Enabling your journey with:  School & Education, Health & Sports .",FantasticNest@example.com,4af56a65c973fb88240528870aa392500271c17006fd0037712e831ec4b741b9,78845329,Barclays
S1212000170883,Harmonious Nest,https://www.HarmoniousNest22X.com,"Creating wonders with:  Kids & Baby, Appliances, Computing .",HarmoniousNest@example.com,b7e21a0e956d260de171c72805db073f5731f0a92c9d2f7fa164d9868f711cdc,27268232,Lloyds
S1212000171443,Creative Plaza,https://www.CreativePlazarRR.com,"Elevating your experience with:  Kids & Baby, Books, School & Education .",CreativePlaza@example.com,f7f2a02c90124a3f6a17311ee0862e0f3188c68994bc149e302803c8d17a508e,66665743,Santander
S1212000173558,Flawless Shops,https://www.FlawlessShops3Jt.com,Curating the best of:  Appliances .,FlawlessShops@example.com,8a6c54de70c0b0e4aefd31accf7b451f560e37978fd664d59739e8eff83e1157,38010822,Lloyds
S1212000174119,Opulent Tower,https://www.OpulentTowerwPe.com,"Creating wonders with:  Entertainment, Appliances .",OpulentTower@example.com,cd5491498771da6c513c56f3e8d4085d557a85933d5e63e89f2026d812af91ec,67315052,Lloyds
S1212000175971,Prime Tower,https://www.PrimeTowerbrl.com,"Enhancing your lifestyle with:  Men's Fashion, School & Education .",PrimeTower@example.com,d935e2abcbfb7efc8cf84c32eda857307d9e3a2a05c43d05875f8d24e7078a8f,28432426,Natwest
S1212000176294,Flawless Palace,https://www.FlawlessPalace9mQ.com,Transforming lives through:  Entertainment .,FlawlessPalace@example.com,16afa64bdb5644357c88ab7b1034cbe0412ec47fef6a3ef774d88e3283f5dcc7,22035496,Barclays
S1212000177960,Special Spot,https://www.SpecialSpotYLr.com,"Shaping the future with:  Kids & Baby, Computing, Superstore .",SpecialSpot@example.com,e2c3cb02ed724e8ce4f2deeb6f5bccc7cd38b4c640a2669593ec719d7969aa93,17909481,HSBC
S1212000178263,Opulent Spot,https://www.OpulentSpotjiI.com,"Where beauty blossoms in:  Superstore, Entertainment, Computing .",OpulentSpot@example.com,41b1cb957cf79aed962740d9cc1fb047d97e5d1d83c80e5d21cca3b045e53bbb,87993567,Santander
S1212000179151,Dynamic Spot,https://www.DynamicSpotCvs.com,"Elevating everyday life with:  Mobiles & Tablets, Computing .",DynamicSpot@example.com,171bbe5cd425469b3ca62e4be32f9816dfb42a10318db26e9946cd101cfa516f,88615047,Santander
S1212000180975,Exquisite Arena,https://www.ExquisiteArenahSG.com,"Where happiness resides in:  Appliances, School & Education, Kids & Baby .",ExquisiteArena@example.com,dfa60f0737c00e10d11cdd59e1eb07d3df687ca50368fd8429e55a86fbb85f60,73080113,Santander
S1212000181633,Dynamic Cave,https://www.DynamicCaveb7Q.com,Enhancing your lifestyle with:  Entertainment .,DynamicCave@example.com,0b8eed72e670e2677ad892bee854207bcdc7f8a03616065ab5605c7793f45925,90477166,Natwest
S1212000182276,Premier Shops,https://www.PremierShops89V.com,"Discovering treasures in:  Books, School & Education .",PremierShops@example.com,d0fc8ba593a9a5ea2fadfae22757db0af67f898f777e20be4146fe4c2922fffe,00304123,Barclays
S1212000183653,Elegant Sanctuary,https://www.ElegantSanctuaryeuE.com,Where luxury meets:  Beauty & Grooming .,ElegantSanctuary@example.com,ddea9295b78355ec417018d967ded013b55c1557aadfe282ce79f7537a2fcc49,00353583,Lloyds
S1212000184926,Splendid Collections,https://www.SplendidCollectionsJAw.com,"Unleash your passion for:  Books, Computing .",SplendidCollections@example.com,d524a98aa4454f8f317f433ebe81ba0698a982c8d1b5cd820b78123646df30a9,35917097,HSBC
S1212000185183,Trendy Goods,https://www.TrendyGoodscoP.com,"Enhancing your lifestyle with:  Computing, Women's Fashion .",TrendyGoods@example.com,08414405e113394bda18717895dca987f420999fb7975a83f823e9020fce5ccc,43791519,HSBC
S1212000186622,Sleek Stores,https://www.SleekStoresM5g.com,"Your one-stop shop for:  Appliances, Men's Fashion .",SleekStores@example.com,c5b4e662e65a521fdef080e76801c8f2517c90ef13ddf3745c47ab80a5ccbeff,07326107,Santander
S1212000187732,Special Grove,https://www.SpecialGroveHEr.com,Embrace the beauty of:  Appliances .,SpecialGrove@example.com,6f5f6b3187e2c84897c9b191d8016b86e2a1b202bc8f96807ed43bf0fbf25ad3,04615792,Lloyds
S1212000188491,Exquisite Lab,https://www.ExquisiteLabrIN.com,Creating wonders with:  Computing .,ExquisiteLab@example.com,f858cf21115a952c77061d920752b1f325fe73f6ba9d57e320e5b6abefd543c2,48745600,HSBC
S1212000189401,Exquisite Outfitters,https://www.ExquisiteOutfittersTio.com,Crafting dreams with:  Home & Living .,ExquisiteOutfitters@example.com,a217664deed32edf8c1b28ec364b65e8148ebd5ba4b56399a64b495ec656f74b,98792126,Natwest
S1212000190696,Modern Merchants,https://www.ModernMerchantsqgD.com,Inspiring greatness with:  School & Education .,ModernMerchants@example.com,0e86cff7092571cdb8a219b5d597baa7e0bc67b676d520379c9b727906762c5a,51609759,Natwest
S1212000191976,Inspiring Base,https://www.InspiringBasehai.com,A seller that provides:  Women's Fashion .,InspiringBase@example.com,46331de72a78c752666f6274afcf23490f74d9ac1a9208df9cdebb73d8478ab1,51921265,HSBC
S1212000192805,Modern Castle,https://www.ModernCastleIyb.com,Crafting a legacy with:  Health & Sports .,ModernCastle@example.com,5749ace55663ac724d9a4ec6bc22747742a415c3b79800ca83d4ce3207396d47,40834111,HSBC
S1212000193718,Fantastic Castle,https://www.FantasticCastlekdN.com,Transforming lives through:  Books .,FantasticCastle@example.com,ad9c361c15ad3d32dd13082e5a683c759482ec620a0494a8b352d45e69968cd1,06860682,Natwest
S1212000194688,Supreme Market,https://www.SupremeMarkettk7.com,Elevating your experience with:  Appliances .,SupremeMarket@example.com,98fd60ddfcbcbb5966aabd9a491b8138e66c410548625b89d37ff160a022535b,00112546,Natwest
S1212000195529,Wholesome Traders,https://www.WholesomeTradersr1n.com,"Enabling your journey with:  School & Education, Health & Sports, Beauty & Grooming .",WholesomeTraders@example.com,67a43cdbdc89ca2bbcaf89baee66cb9b017b2f8d507e735685849b09ef46fcaf,64147489,Barclays
S1212000196809,Modern Corner,https://www.ModernCornercB2.com,A seller that provides:  Women's Fashion .,ModernCorner@example.com,749465da948806f76a26ed7b766e71cad79b136e9f1226575b472ad9ce06c5b8,38981525,Natwest
S1212000197860,Sleek Depot,https://www.SleekDepotcTB.com,"Discover the world of:  Women's Fashion, Mobiles & Tablets, Entertainment .",SleekDepot@example.com,b2aa11a9d2568e2c83b2e536f1523cdfd32bb139309313c63c8c3a69da79d4cf,06201039,Lloyds
S1212000199527,Fresh Room,https://www.FreshRoomow2.com,"Pioneering new frontiers in:  School & Education, Health & Sports, Kids & Baby .",FreshRoom@example.com,1998fd466b2c16b2aefc48cb4cd97d7101b206ec4a39b54106ce29625140311d,66999119,Natwest
S1212000200771,Luxury Coast,https://www.LuxuryCoastxNG.com,Where adventure awaits in:  Health & Sports .,LuxuryCoast@example.com,1dd462b6b328ad2c0324228e65878afa1815c75dd91428fdd58d83005b0af7e8,14055976,Natwest