"seller_id","seller_name","url","description","email","password","account_number","bank_name"
"S1212000001514","Fashionable Corner","https://www.FashionableCornersIG.com","Shaping the future with:  Superstore .","Fashionable Corner@hotmail.com","e5abe5a52105c37871cc21ff83363eacff8aeac8782fc789696953e5e761cb97","96691438","HSBC"
"S1212000002562","Premium Depot","https://www.PremiumDepotMe8.com","A seller that deals with:  Books .","Premium Depot@aol.com","6fbd80934ac1ce74102284c7a2fcd1e9a333ec9ba5c0a6c01a866807fff91c95","66664878","HSBC"
"S1212000003278","Splendid Mansion","https://www.SplendidMansionwOy.com","Transforming lives through:  Health & Sports .","Splendid Mansion@yahoo.com","bcc8857e61767b8cb3b7096b7e5a0a00a7f445f0ff1fabd35dd4e3b564b92d03","25211549","Santander"
"S1212000004625","Majestic Deals","https://www.MajesticDeals3Wu.com","Weaving dreams with:  Men's Fashion .","Majestic Deals@yahoo.com","27e7d826bb008f2f35353684ed5cd43653a92f6298b2501339c040d388207dfe","50768631","Lloyds"
"S1212000005294","Creative Palace","https://www.CreativePalacee3l.com","Weaving dreams with:  Home & Living, Computing, Kids & Baby .","Creative Palace@hotmail.com","aecd52cfe0416eb880d86e9cfbad16d6e9289013262e70b15eda0854cc25cdd2","90051991","HSBC"
"S1212000006917","Innovative Merchants","https://www.InnovativeMerchantsb1r.com","Where elegance reigns in:  Appliances .","Innovative Merchants@yahoo.com","5deee185c1e07b9e02aa0683f0c957d54fe8c11e3cfb846db560edb35029f525","01775149","Natwest"
"S1212000007217","Innovative Castle","https://www.InnovativeCastledPU.com","Experience the magic of:  Entertainment .","Innovative Castle@gmail.com","4c3d0c66936044051dc26e5cc2ec54a29f13e42ba50832ed559ad11ffde05b45","71643891","Natwest"
"S1212000008398","Quality Fortress","https://www.QualityFortressw1h.com","Curating the best of:  Computing, Books, Beauty & Grooming .","Quality Fortress@hotmail.com","0e8e4f6493cc9c078adfd7536853c2ec2cb6a4cce1cb0ce5895d6fee3c53eb0f","30929904","HSBC"
"S1212000009328","Harmonious Warehouse","https://www.HarmoniousWarehousea3k.com","Setting the standard with:  Superstore, Books .","Harmonious Warehouse@outlook.com","956ffc837eaa01b4e35aa7b438f0cc37991744a67faab1948d45ec1051b61382","35383644","HSBC"
"S1212000010343","Dynamic Emporium","https://www.DynamicEmporiumKko.com","Where happiness resides in:  Superstore, Women's Fashion .","Dynamic Emporium@gmail.com","d344da93c37410345a3854cbe32014c3c2050b614c9461a86bd61130f65f7002","72163122","Natwest"
"S1212000011113","Splendid Boutique","https://www.SplendidBoutiqueo43.com","Discovering treasures in:  Women's Fashion .","Splendid Boutique@aol.com","ef773bb5868b2eb0d5fc4570879502a1f9f4c1ae189ce20ee51d11ab9fb92747","44311525","Natwest"
"S1212000012473","Sleek Coast","https://www.SleekCoastPoo.com","Your one-stop shop for:  Entertainment .","Sleek Coast@outlook.com","12841c353b665ccd7f8dca5c612ffebb2ee01d37c0221a03687c84a4d1141894","69191610","Barclays"
"S1212000013764","Premium Shops","https://www.PremiumShopsZRO.com","Building a world of:  Health & Sports, Beauty & Grooming, Appliances .","Premium Shops@hotmail.com","6ca85b82d2bc849054fc9edf3b9a5f1b35af407866a47df5a06fc5657edba778","75183558","Natwest"
"S1212000014701","Timeless Cave","https://www.TimelessCave8yJ.com","Where innovation thrives:  Appliances, Kids & Baby, Books .","Timeless Cave@yahoo.com","2f8cbbfb3b1fe5b3ff16a7fc785e5933689876543fa8c4d9152b32bc867af95c","68763858","Lloyds"
"S1212000015702","Fantastic Corner","https://www.FantasticCornercgd.com","Capturing the essence of:  Mobiles & Tablets, Books .","Fantastic Corner@aol.com","1a8aa3d534142ba0c93bded1b4de4ff6f85b66fae85226ae05b9643211eb48c6","18818798","Natwest"
"S1212000016867","Flawless Tower","https://www.FlawlessTower3N0.com","Where happiness resides in:  Women's Fashion .","Flawless Tower@aol.com","cfc423bef63d6970e1c6d1eaf0331e71262a547f2e1a31c412201a2576d66483","91194913","Natwest"
"S1212000017808","Upscale Emporium","https://www.UpscaleEmporiumKxL.com","Where happiness resides in:  Superstore .","Upscale Emporium@yahoo.com","19877827e7ca842f57f69d9d983083977df1a47ca8e1280b19d158753452d271","53393741","Natwest"
"S1212000018190","Quality Arena","https://www.QualityArenadck.com","Enhancing your lifestyle with:  Beauty & Grooming .","Quality Arena@yahoo.com","a18b391c3252427fbcfc8b0e9ff7a479c6e1557fbe764dc19415aad9f974a9f2","13007185","Natwest"
"S1212000019447","Premier Center","https://www.PremierCenterjCw.com","Forging connections through:  Entertainment, Mobiles & Tablets, Computing .","Premier Center@yahoo.com","5ebdcd0554ad1cce61c3766c45f25007ebc16629d282959f7697bf548ae8065a","77891927","HSBC"
"S1212000020748","Innovative Emporium","https://www.InnovativeEmporiumexF.com","Where luxury meets:  Appliances, Entertainment, Home & Living .","Innovative Emporium@gmail.com","aab998916c289d653d46494e93a6bc9f8199e944c3ce594cc69ccadc821f224a","62121810","Santander"
"S1212000021454","Innovative Station","https://www.InnovativeStationykj.com","Finding serenity in:  Superstore, Mobiles & Tablets .","Innovative Station@outlook.com","e00bfad9350521699ca4cc21d1acbc783e3fefa779171952343488ea4396c4b4","23925437","Barclays"
"S1212000022939","Opulent Galaxy","https://www.OpulentGalaxyoY7.com","Curating the best of:  Women's Fashion, Superstore .","Opulent Galaxy@hotmail.com","6f639b7c68fdc326b26178692a7036996f968a72308f5290ccfc2ff5f46ff110","36017243","Barclays"
"S1212000023125","Glamorous Fortress","https://www.GlamorousFortressEjS.com","Crafting memories with:  Mobiles & Tablets .","Glamorous Fortress@outlook.com","fab29996faa322e666ae8f87c220d632bc278e2e635dacbcd63bf344c996aea9","82038054","Barclays"
"S1212000024618","Reliable Warehouse","https://www.ReliableWarehouse6xI.com","Discovering treasures in:  Home & Living, Beauty & Grooming, Mobiles & Tablets .","Reliable Warehouse@outlook.com","3b371b96615adda788db3a5986cebe8e27d9893c47c0d95e02e5d9eb2fff81a9","16863399","Natwest"
"S1212000025525","Fantastic Stores","https://www.FantasticStoresXjh.com","Your destination for finding:  Entertainment, Books .","Fantastic Stores@outlook.com","ed0f476360b22470dd5c2607db859a3e4433c0996925925892a04c3478472338","08375060","Santander"
"S1212000026748","Elegant Base","https://www.ElegantBaseRPF.com","Where luxury meets:  Health & Sports, Beauty & Grooming .","Elegant Base@hotmail.com","7c0fb566d66dc05c2f267c1e535614ab10b7abda7beafd7931a14faff1782c6e","25717130","HSBC"
"S1212000027865","Innovative Galaxy","https://www.InnovativeGalaxyMgL.com","Where tradition meets:  Books, School & Education, Computing .","Innovative Galaxy@hotmail.com","24ff3200689b2b29dcf1845852fedb48fa936c9c1b526008076ee421f99e3037","53769914","Natwest"
"S1212000028310","Opulent Heaven","https://www.OpulentHeavenqtG.com","Shaping the future with:  Men's Fashion, Entertainment, Beauty & Grooming .","Opulent Heaven@outlook.com","89e19b693d9b5b681360fbbc1df08c693302b2655f6b2aa5a163854e7f0d9f97","13705725","Barclays"
"S1212000029689","Advanced Arena","https://www.AdvancedArenaKjS.com","Crafting a legacy with:  Appliances .","Advanced Arena@hotmail.com","c523eae294227171893feb5f8db0499ddf264b1c2e2d80810f7425006eebfd1d","51564053","Barclays"
"S1212000030692","Wholesome Palace","https://www.WholesomePalacejbo.com","Unleashing potential through:  Appliances, Health & Sports, Women's Fashion .","Wholesome Palace@yahoo.com","c8fa029bcfb83aa10bd0392b05897b1ecea2c130a7b6f63dc01e55f26128b023","13309580","HSBC"
"S1212000031654","Fashionable Hub","https://www.FashionableHubwUN.com","Transforming lives through:  Kids & Baby, Mobiles & Tablets .","Fashionable Hub@outlook.com","009ac3326763dbc6a9213fd7471552976813c6b3e7537ab58ab2374541f23a0a","16561459","Natwest"
"S1212000032970","Exquisite Traders","https://www.ExquisiteTradersIbf.com","Crafting memories with:  Entertainment, Mobiles & Tablets .","Exquisite Traders@hotmail.com","6d4c83d3025d89e6abf39df2fa913784bbc37c6f20ddcce63af1abeaed0370f2","76530104","Lloyds"
"S1212000033472","Timeless Warehouse","https://www.TimelessWarehouseT6U.com","Fulfilling your needs for:  Entertainment, Superstore .","Timeless Warehouse@yahoo.com","e8d82fd9a21f236d3b7f53bf8b7e4f6deb9567e842871f4a0b9a226267dadcda","78009918","Barclays"
"S1212000034943","Chic Lab","https://www.ChicLabYiw.com","Unveiling the beauty of:  Health & Sports, Women's Fashion, School & Education .","Chic Lab@gmail.com","c32f7d9ecd34ad2e062e34cd2ecd93751e0042a445d2a74db4b213e0e61fc1a7","38038108","Lloyds"
"S1212000035242","Perfect Grove","https://www.PerfectGroveyov.com","Where tradition meets:  Health & Sports .","Perfect Grove@outlook.com","154a0465a4e4e4e1ed82dacdbcfae36285ef4c7ebec5cff813cb343e7b527187","65267300","Lloyds"
"S1212000036643","Smart Territory","https://www.SmartTerritoryVhC.com","Enabling your journey with:  Beauty & Grooming, Home & Living, Men's Fashion .","Smart Territory@hotmail.com","c052fc45170b72477d257f3849a830c9c9698a09b27b2af2504e8eb32716166e","83428705","Natwest"
"S1212000037589","Glamorous Distributors","https://www.GlamorousDistributorsOu2.com","Unlocking the potential of:  Women's Fashion, School & Education .","Glamorous Distributors@gmail.com","4de0c4515bf1b0783dd7588e282e05cee2e21634452f3a3c42019081aaf238d3","48984033","Lloyds"
"S1212000038720","Special Merchants","https://www.SpecialMerchantsViH.com","Elevating your experience with:  Superstore .","Special Merchants@gmail.com","e03f4d074998ec4e35746888e4d92a3642345e31b64053140764a646aa41bdf5","19424509","Barclays"
"S1212000039874","Creative Lab","https://www.CreativeLab3OQ.com","Empowering you with:  Men's Fashion, Superstore, Health & Sports .","Creative Lab@hotmail.com","1a639a9d8ed365582aa2f16edfe688c7dff2bf308a1bd41fb5078e245e1d695b","61831962","Natwest"
"S1212000040941","Creative Station","https://www.CreativeStation3kd.com","Where comfort meets:  Superstore, Women's Fashion, School & Education .","Creative Station@hotmail.com","300594ed7440dd04431e00bb7c7e99da19c6d43149805d0194abb5e348992234","72425647","Barclays"
"S1212000041122","Vintage Galaxy","https://www.VintageGalaxyg3X.com","Elevating your experience with:  School & Education, Computing, Health & Sports .","Vintage Galaxy@aol.com","63919aca6d1731b3cd6a11651f777bb3ba19c8ad4e4f44912d862de874025faa","72903338","HSBC"
"S1212000042408","Stylish Hive","https://www.StylishHive7k1.com","Empowering you with:  School & Education, Beauty & Grooming, Home & Living .","Stylish Hive@gmail.com","df18882f6316fa88f48f5e3e2c88ab2484c5c2e82378de8c9ddb61e011877f1e","46403109","Barclays"
"S1212000043234","Prime Room","https://www.PrimeRoomGk7.com","Where innovation thrives:  Home & Living, Computing .","Prime Room@hotmail.com","6158e7b624a5c8c7d29be824322906851066657d240a1407aed5a175c066d199","13391752","Natwest"
"S1212000044920","Exquisite Market","https://www.ExquisiteMarket5Lu.com","Transforming lives through:  Mobiles & Tablets, Superstore, Computing .","Exquisite Market@aol.com","423051151a1ef5f91a769d5d3e345278359e651ab0a843ceaca7433aaa307444","31017461","Barclays"
"S1212000045323","Fashionable Square","https://www.FashionableSquarej4X.com","Where elegance meets:  Entertainment .","Fashionable Square@outlook.com","0d1ad5749f83fe24010121490f1d0d1c68ace783e6382de094c7e69c95013f2e","48687890","HSBC"
"S1212000046265","Exquisite Hive","https://www.ExquisiteHivecIH.com","Explore our selection of:  School & Education, Women's Fashion, Men's Fashion .","Exquisite Hive@yahoo.com","37faa6f8a4c439bec312d114b53e697225a3e9d472e97d064248a5f72e8690a3","96042162","Santander"
"S1212000047316","Premium Fortress","https://www.PremiumFortress5NB.com","Crafting a legacy with:  Books .","Premium Fortress@aol.com","6b0cbb58ff4a85745391a53a76658dcac19d1187e0e65170fd7e8cda9eadea18","18988739","Santander"
"S1212000048389","Flawless Emporium","https://www.FlawlessEmporiummhb.com","Your destination for finding:  Superstore, School & Education, Appliances .","Flawless Emporium@hotmail.com","4bc1bb5d4b09dc349cf7e6fbe0ba348d2de634cce30107d36765ba183981dfed","23693042","Santander"
"S1212000049680","Global Center","https://www.GlobalCenter6fw.com","Bringing you the best in:  Men's Fashion .","Global Center@hotmail.com","3dd4558f92c78495035b5e9ba106a289cd9b4b5c8f4c20c2a8e79efd944607c6","30420082","Santander"
"S1212000050171","Advanced Heaven","https://www.AdvancedHeavenqFn.com","Explore our selection of:  Superstore .","Advanced Heaven@gmail.com","4bba1959c347782eca62c86437a656a558ee9f8a2707dc7f8200b30229804e70","35882709","Santander"
"S1212000051687","Majestic Warehouse","https://www.MajesticWarehousegmh.com","Weaving dreams with:  Books, Computing .","Majestic Warehouse@outlook.com","ed32474f4a78e1778e4e3739a37fec82895918903777dce3487a612e0723c980","06564790","Natwest"
"S1212000052674","Premier Tower","https://www.PremierTowerLkP.com","Setting the standard with:  School & Education, Men's Fashion, Mobiles & Tablets .","Premier Tower@outlook.com","44afbbde6eb808f21e18add2ae8eb94a6adf4d9ef3d40ffa6b1fb879446a502b","09723742","Lloyds"
"S1212000053240","Trendy Haven","https://www.TrendyHavenqg2.com","Bringing joy through:  Kids & Baby, Books .","Trendy Haven@outlook.com","d8a3593ac851e674aacfffba5cc4324dba1f411eab9db5f6f78c1a5f07ffdea5","90031487","Natwest"
"S1212000054821","Premier Lab","https://www.PremierLabR7s.com","Where tradition meets:  Health & Sports, Appliances, Men's Fashion .","Premier Lab@aol.com","254264f1b3dedc2f8b01d9fb7d4027fe8187eb4a90980d6e844c40be93887835","41931138","Lloyds"
"S1212000055964","Fantastic Spot","https://www.FantasticSpotWNo.com","Crafting dreams with:  Home & Living .","Fantastic Spot@yahoo.com","dd4c837e6461507db259a526a42afee6f749886593e2fe7b23ae3cfed060486d","13196396","Natwest"
"S1212000056958","Vintage Shops","https://www.VintageShopsTnz.com","Forging connections through:  Mobiles & Tablets .","Vintage Shops@aol.com","f6c8eb8386e452822846d8407b2d9639fb22dd85ecdd2a414faa06f740e976df","11590776","Lloyds"
"S1212000057252","Vintage Hive","https://www.VintageHiveAqG.com","Where quality meets:  Kids & Baby, Health & Sports .","Vintage Hive@yahoo.com","5142e9fd91becb1c3095cad24cc47c2a249b9c94a6ceedf5bad99bca96c486f3","97929106","Santander"
"S1212000058393","Prime Square","https://www.PrimeSquareXrt.com","Your one-stop shop for:  Beauty & Grooming .","Prime Square@gmail.com","d70202b32e678e17220a9af4ac6a4555c121dc95e117f346fef986e86210c079","53608863","Santander"
"S1212000059376","Exquisite Corner","https://www.ExquisiteCornerAPj.com","Finding serenity in:  Home & Living, Superstore, Men's Fashion .","Exquisite Corner@hotmail.com","956ece60f285bac79f3a1d3b58cc44a844f6192d1885f9415e1eb43a2ee97bbf","61933061","Barclays"
"S1212000060562","Vibrant Territory","https://www.VibrantTerritory0iE.com","Empowering you with:  Books, Entertainment, Beauty & Grooming .","Vibrant Territory@yahoo.com","ea9e4a1003b9cee028b8978c2317d3a44cafd3b7753619818523d1edb5bed2d3","56732073","Barclays"
"S1212000061140","Stylish Mansion","https://www.StylishMansions22.com","Creating wonders with:  Appliances, Mobiles & Tablets .","Stylish Mansion@yahoo.com","c9dd190753b340e9682ba70b9630d983fd2899b73e3b04290e7120c02a8882f4","72046941","Santander"
"S1212000062530","Eco-friendly Fortress","https://www.Eco-friendlyFortressXrR.com","Fulfilling your needs for:  Mobiles & Tablets .","Eco-friendly Fortress@outlook.com","d7dc8db79e7c776a1db704941fa63537b9fc828a24df33a1814b3b02ec090404","93731306","HSBC"
"S1212000063189","Advanced Center","https://www.AdvancedCenterRBu.com","Empowering you with:  Health & Sports .","Advanced Center@aol.com","04946efad7683f7624b7719011a369f72eaa81ea917f53ed246aa436cb83d934","54616130","Barclays"
"S1212000064415","Dynamic Club","https://www.DynamicClubC3J.com","Discover the world of:  Books .","Dynamic Club@gmail.com","12bdfb347c272f9f9def1a124f8ec3d5f6f76ad3068c57d6d06926d31ec219e0","46710210","Natwest"
"S1212000065322","Vintage Station","https://www.VintageStationtwP.com","Connecting you to:  Superstore, Appliances .","Vintage Station@outlook.com","cc064a6a7292ae096903efa41991b0632c00f9ee62a9fd86fb7dc5ca6692e101","92901361","Natwest"
"S1212000066627","Eco-friendly Empire","https://www.Eco-friendlyEmpireebr.com","Capturing the essence of:  Superstore .","Eco-friendly Empire@outlook.com","d589f5371662637284986b1d35fbdccb051745cf7af894e54dde0998f0bb4628","90072760","Natwest"
"S1212000067215","Splendid Merchants","https://www.SplendidMerchantsl9m.com","Fulfilling your needs for:  Beauty & Grooming .","Splendid Merchants@yahoo.com","b9eed1fdd4d1f506d708c4edeab9dac3b1ce7b10464738d98403c6ae0a304a38","96756589","Santander"
"S1212000068705","Trusted Hub","https://www.TrustedHubQYL.com","Where dreams become reality:  Kids & Baby .","Trusted Hub@aol.com","070a6e33bc5c06eada39684e18a39dffa1d691e4cefb107735d2900bd4af6423","43546928","HSBC"
"S1212000069873","Vibrant Station","https://www.VibrantStationrji.com","Where adventure awaits in:  Beauty & Grooming .","Vibrant Station@gmail.com","2533d3a446f298b577bd42f0a87496d68a3776e71ca6dba16a49636f2547b9a0","01909315","Natwest"
"S1212000070846","Unique Collections","https://www.UniqueCollectionsICv.com","Inspiring greatness with:  Superstore, School & Education, Books .","Unique Collections@hotmail.com","7ea5f1960664b0b634b3c84f6fb5c49b92e1c64536c61d0bdd8f71cd39e0d39d","83657582","Natwest"
"S1212000071555","Inspiring Forum","https://www.InspiringForumshS.com","Connecting you to:  Appliances, Home & Living .","Inspiring Forum@hotmail.com","252a0f290194efbc84dc06cbbaa8d25ca94ca7cd1ea5b547ad9713c7179f9b33","58729131","HSBC"
"S1212000072697","Vintage Mart","https://www.VintageMartGb7.com","Specializing in:  Entertainment, School & Education .","Vintage Mart@gmail.com","826585e406689f14cf2353b5e54d7f42f2e1b26259aa74ad9a94cb2e55971aca","65589821","Santander"
"S1212000073953","Creative Cave","https://www.CreativeCaveQ89.com","Transforming lives through:  School & Education, Books .","Creative Cave@outlook.com","381f2242bcc495da470334ec277933f307f12f719e7bc04821ae54e167c42cab","74461039","Lloyds"
"S1212000074138","Dynamic Boutique","https://www.DynamicBoutiqueVeu.com","A seller that provides:  Home & Living, Beauty & Grooming, Kids & Baby .","Dynamic Boutique@hotmail.com","9e649581ed731662529ab27e34337288c9b2594b35d435748a146ab09e5667f1","31456666","Santander"
"S1212000075258","Eco-friendly Haven","https://www.Eco-friendlyHavenEJA.com","Bringing you the best in:  Computing, Books, Superstore .","Eco-friendly Haven@hotmail.com","3f33a27d8d29ee55fbad557406e1a7261fef6744b82cc46f1e6e4b985b7a2c96","62595003","Barclays"
"S1212000076851","Special Mart","https://www.SpecialMartwco.com","Inspiring greatness with:  Women's Fashion, Computing .","Special Mart@gmail.com","53a60b5e3458dbd6394089133a2468a5f52c049aa9d4c27dea5f2b4883d5f694","40021808","Lloyds"
"S1212000077308","Wholesome Cave","https://www.WholesomeCavePM5.com","Weaving dreams with:  Health & Sports, Books .","Wholesome Cave@aol.com","ba54da98470fe04f5a1631014fee4f2c16577d5c72814d8fbd0047bc1adb8eb9","18931936","HSBC"
"S1212000078473","Innovative Solutions","https://www.InnovativeSolutionsgHE.com","Elevating your experience with:  Entertainment .","Innovative Solutions@outlook.com","b46a27bca63cd4fb6a0de17459b5b2d547a73adc52c5fe946cc35c67452702ad","38256256","Santander"
"S1212000079917","Prime Nest","https://www.PrimeNestrrI.com","Nurturing growth with:  Kids & Baby .","Prime Nest@hotmail.com","f000130fba421ff6674b5f6df51c450931f63f4849d1f6f006a7e127df89ee20","50824564","HSBC"
"S1212000080133","Exquisite Galaxy","https://www.ExquisiteGalaxyNTi.com","Unlocking the potential of:  Entertainment .","Exquisite Galaxy@yahoo.com","deadb24889bbe688a0d87721f2984cbbc76dacceec84ff659d2f7e5948432ca7","34255193","Barclays"
"S1212000081615","Modern World","https://www.ModernWorldoqg.com","Curating the best of:  Superstore, Home & Living, Appliances .","Modern World@outlook.com","d0e015891444de78e5421267bda7e819d426e1e5fe31d1ef274f82b65b33814b","79189497","Natwest"
"S1212000082112","Luxury Room","https://www.LuxuryRoomDha.com","Discover the world of:  Beauty & Grooming .","Luxury Room@yahoo.com","ec0adf65d1dc078882630d3197b740788bf803c9cc70a82e332569179345c53f","89939915","Santander"
"S1212000083168","Sustainable Sanctuary","https://www.SustainableSanctuaryiIy.com","Your one-stop shop for:  Women's Fashion .","Sustainable Sanctuary@outlook.com","3b42abdccbdcb500d3417bab8e39e0d29b20e7396ed7d3f815173838771ecde7","87111671","Santander"
"S1212000084994","Global Fortress","https://www.GlobalFortressbkd.com","Unleash your passion for:  Kids & Baby, Appliances, Beauty & Grooming .","Global Fortress@outlook.com","327dd9a3d0ef8cb00bc436eed445288d92537638f0eaaf7a92bff43653d8f501","51157880","HSBC"
"S1212000085854","Inspiring Forum","https://www.InspiringForumNtk.com","Where happiness resides in:  Beauty & Grooming, Health & Sports .","Inspiring Forum@gmail.com","a8a1444bf361c5fda396759a26e8399887c984e413cda5b9ada675abb162edb2","81195120","HSBC"
"S1212000086508","Chic Territory","https://www.ChicTerritory7r1.com","Where passion meets:  Superstore .","Chic Territory@aol.com","c667a2323b6bb91f2dca1c4396f59226a2a2d586369a330412f55d17af6c10c7","11550983","HSBC"
"S1212000087407","Splendid Spot","https://www.SplendidSpotncB.com","Your one-stop shop for:  Kids & Baby, School & Education, Appliances .","Splendid Spot@hotmail.com","66f6db4e86307ac6e44f9e9c33496aa5419561fb9c78bff379d13355e950fc97","93686958","Natwest"
"S1212000088377","Luxury Warehouse","https://www.LuxuryWarehouse2cT.com","Experience the magic of:  School & Education, Health & Sports .","Luxury Warehouse@hotmail.com","b35d1a8fdb21347aaa01e118791d706bd91d999f6d06bd07df701f3e934678a4","32051572","Santander"
"S1212000089188","Vintage Heaven","https://www.VintageHeavenBCM.com","Crafting excellence with:  Kids & Baby, Appliances, Computing .","Vintage Heaven@aol.com","62839e59deb79f6b8544dfb45a5c887525a66475de87ff0a813cb3d70d421906","67759353","Lloyds"
"S1212000090636","Upscale Goods","https://www.UpscaleGoodswow.com","Where quality meets:  Kids & Baby, Books, School & Education .","Upscale Goods@outlook.com","9a29dd7f00e027e730f351ac2377d318e6e8f3d3ea99f986eda1fcf3702f7218","83769303","Natwest"
"S1212000091390","Timeless Stores","https://www.TimelessStores2xN.com","Crafting experiences with:  Appliances, Health & Sports, Books .","Timeless Stores@yahoo.com","369add80f473ce5498c7bf99caaa1102275961eb985283b456f8f6c5d67be740","32011380","HSBC"
"S1212000092523","Vintage Traders","https://www.VintageTradersGK7.com","Unlocking the potential of:  Appliances .","Vintage Traders@hotmail.com","2fc32d43ff579fe930dfbbe24b93525091ed18952a2c0c5be34982cc3dbea1e8","03923061","Natwest"
"S1212000093979","Dynamic Forum","https://www.DynamicForumC4W.com","Embrace the beauty of:  Entertainment, Appliances .","Dynamic Forum@aol.com","bb6d3db620afcf99b4ff52c26c61e0b310caf7ac6e92d6fdb0836d1b157ac4cd","39542217","Lloyds"
"S1212000094385","Flawless Coast","https://www.FlawlessCoastfyP.com","Elevating everyday life with:  Men's Fashion, School & Education .","Flawless Coast@yahoo.com","ed096c7bf57283360388962d5cd7265330e4bff8718701e81118ae5fbd3a1859","39986424","Santander"
"S1212000095770","Upscale Deals","https://www.UpscaleDealszxR.com","Where tradition meets:  Entertainment .","Upscale Deals@outlook.com","7dd956baec4a11c5418d1469def5845145ca4a21a1ddadcb33eefcb0b38ca939","53268751","Lloyds"
"S1212000096220","Modern Center","https://www.ModernCenterFhp.com","Where quality meets:  Kids & Baby, Computing, Superstore .","Modern Center@outlook.com","c5b95130942336f8311da26cd936bb1478d47361bac04db5623812c55df788c0","73115292","Barclays"
"S1212000097209","Fresh Sanctuary","https://www.FreshSanctuaryMFM.com","Enhancing your lifestyle with:  Superstore, Entertainment, Computing .","Fresh Sanctuary@gmail.com","d8cd747183fbe4256c031835426c11df5fc4ce832de481308ceafd9a414cfadd","15416749","Barclays"
"S1212000098257","Prime Outfitters","https://www.PrimeOutfittersaD5.com","Unleashing potential through:  Mobiles & Tablets, Computing .","Prime Outfitters@outlook.com","4db0104ef0027282ee06b74d6ad5c0e0b45e1dbc9432c2057e5a7e4eb52fc7f9","40862900","HSBC"
"S1212000099163","Creative Warehouse","https://www.CreativeWarehousey3Q.com","Crafting memories with:  Appliances, School & Education, Kids & Baby .","Creative Warehouse@yahoo.com","4fbed9a60f3d227b9a8e034ddcc588f686a474dc8efe90bc7cf839e7fe678ef2","38951144","Barclays"
"S1212000100582","Elegant Boutique","https://www.ElegantBoutiquec3v.com","Weaving dreams with:  Entertainment .","Elegant Boutique@outlook.com","580874aa13d41d35e0657ee0cb8fd942123e354290aee021992bd94da7eda4b5","25613720","Barclays"
"S1212000101576","Eco-friendly Emporium","https://www.Eco-friendlyEmporiumqtI.com","Bringing joy through:  Books, School & Education .","Eco-friendly Emporium@outlook.com","fdf768f1d9e647f515244d4b3326cc12f987a605b087a79c7c9c071e4acdf30e","35102730","Natwest"
"S1212000102579","Premier World","https://www.PremierWorldnK2.com","Where elegance meets:  Beauty & Grooming .","Premier World@gmail.com","362005c69514dd93b27f072cb06e45a46a12da64739782985bfdff2bbc976bf8","04475766","HSBC"
"S1212000103810","Stylish Palace","https://www.StylishPalaceXxD.com","Where adventure awaits in:  Books, Computing .","Stylish Palace@yahoo.com","6896f6fd06e5f244e240f64591390a5cd4336bf4913dade5be28e057686b1277","54834097","Barclays"
"S1212000104166","Timeless Base","https://www.TimelessBaseht3.com","Unlocking the potential of:  Computing, Women's Fashion .","Timeless Base@yahoo.com","da6363b9eb41c92b089be299b525ec825453611980e877cba522d6b45d86134c","24434184","Barclays"
"S1212000105762","Dynamic Outfitters","https://www.DynamicOutfittersjvX.com","Embrace the beauty of:  Appliances, Men's Fashion .","Dynamic Outfitters@yahoo.com","e8f0f69d218c7033327de1dccd370080b9a89426b20aa89a6799d817ec7606ec","00740217","Santander"
"S1212000106989","Special Mansion","https://www.SpecialMansionqiI.com","Explore our selection of:  Appliances .","Special Mansion@hotmail.com","7838cd228de62d249ccc833d8153fa421937acac9cb8b56fbda865ea936a60e0","25437398","Lloyds"
"S1212000107946","Luxury Galaxy","https://www.LuxuryGalaxyKu4.com","Elevating everyday life with:  Computing .","Luxury Galaxy@gmail.com","64d5c5c96bf04bc9bd415780261b9233a74c9c899cb4ad33ed0cdb05dd182d6d","42468758","Natwest"
"S1212000108184","Dynamic Emporium","https://www.DynamicEmporiumpZz.com","Connecting you to:  Home & Living .","Dynamic Emporium@aol.com","e91fbd7fd2a4bb418e87f5bc8fc5e20cde41fd324a0f31fd44a4d740944717d0","22711928","HSBC"
"S1212000109264","Creative Center","https://www.CreativeCenterII1.com","Where elegance meets:  School & Education .","Creative Center@aol.com","4064571520690a7d553c8cfa77f4757634dcc0263a8f06fc2b1c7ad2e6eeec9a","51211507","Lloyds"
"S1212000110747","Dynamic Station","https://www.DynamicStationzmJ.com","Explore our selection of:  Women's Fashion .","Dynamic Station@outlook.com","8e25ea032bd55f56cd7109b885d3a6b6653739fba1f43e053adfef2a9393922a","48221077","HSBC"
"S1212000111150","Sustainable World","https://www.SustainableWorldU2y.com","Finding serenity in:  Health & Sports .","Sustainable World@outlook.com","ee277da369f81207b4ff3446794720932e1dc15abdd2d1959a8134125d8e4246","67908651","Barclays"
"S1212000112173","Quality Arena","https://www.QualityArenaBYC.com","A seller that deals with:  Books .","Quality Arena@aol.com","ec1aea6326108fa0b0f7d24a6ee62170018541107a8fb6485a467f8f434f3d52","51315521","Lloyds"
"S1212000113277","Majestic Center","https://www.MajesticCentermR1.com","Shaping the future with:  Appliances .","Majestic Center@gmail.com","67206b48bac993a2e712c2f553ec6f378a6a83bd382d151cd38df6836c399975","73851087","Lloyds"
"S1212000114461","Premium Square","https://www.PremiumSquareuyC.com","Discover the world of:  School & Education, Health & Sports, Beauty & Grooming .","Premium Square@hotmail.com","f5a88835e1fd425bea4a2452f6b84df9c77aeef53bc486da212351bfa8c3ffdc","57341944","Lloyds"
"S1212000115335","Trusted Empire","https://www.TrustedEmpiretCm.com","Curating the best of:  Women's Fashion .","Trusted Empire@yahoo.com","2d7f6d2b907addf214d5ca5b1074fdf30d620decc5764dcfe666b57b00218a14","86198998","Natwest"
"S1212000116709","Ultimate Palace","https://www.UltimatePalacemI2.com","Curating the best of:  Women's Fashion, Mobiles & Tablets, Entertainment .","Ultimate Palace@aol.com","66a8c6c00ebe47aec578402bf1e200fae751e6dd0984bf90da3c575c16237d83","99600865","Natwest"
"S1212000117429","Splendid Territory","https://www.SplendidTerritoryZe3.com","Unleash your passion for:  Health & Sports .","Splendid Territory@hotmail.com","96e79479dda488fdebc072aecb1e0714653d6ba10b289a5e9fbcbaeece174e6a","23633606","Lloyds"
"S1212000118825","Smart Fortress","https://www.SmartFortressmwB.com","Empowering you with:  School & Education, Health & Sports, Kids & Baby .","Smart Fortress@aol.com","6e4568fb14382f56af7d7af3b02638f86a8a2f8b1011f75c595edde80362a9ad","17402606","Lloyds"
"S1212000119226","Dynamic Empire","https://www.DynamicEmpireRh9.com","Fulfilling your needs for:  Health & Sports .","Dynamic Empire@gmail.com","f20f72550ec20519672349725d855ed6d6495a83fe1e33dcbfbeea6709aa375d","71598606","HSBC"
"S1212000120311","Unique Emporium","https://www.UniqueEmporiumLxp.com","Where passion meets:  Health & Sports .","Unique Emporium@yahoo.com","aac52d17056682493f20d134f7079a7399f3e323162a797c4a084b1207815e38","60127028","Lloyds"
"S1212000121785","Dynamic Arena","https://www.DynamicArenakwD.com","Connecting you to:  Entertainment, Mobiles & Tablets .","Dynamic Arena@outlook.com","21e19894b1e89357e2cc784a50b6dd8c7daf8a4af38c2a6bc2f009c7b019afd1","33723419","HSBC"
"S1212000122884","Sustainable Traders","https://www.SustainableTradersFAR.com","Your destination for finding:  Mobiles & Tablets .","Sustainable Traders@gmail.com","0df3b6ca1c2d4e4bc0c560800d981c59417a5c36e14aa2c481da1085b8203f49","36538672","HSBC"
"S1212000123913","Exquisite Grove","https://www.ExquisiteGroveVoa.com","Elevating everyday life with:  Men's Fashion, Entertainment, Home & Living .","Exquisite Grove@gmail.com","b50a8d3fbf800695bff8d3c4cad20c657ac263db62160c6cd65d3e7d0809cb2b","76610640","Natwest"
"S1212000124409","Dynamic Shops","https://www.DynamicShops1Rj.com","Where elegance meets:  Health & Sports, Mobiles & Tablets .","Dynamic Shops@outlook.com","d1d236ac1ef3ab2fbb3185d5afdfa1a73c2f45849ab17adac84061246afa4584","14550773","Lloyds"
"S1212000125843","Majestic Spot","https://www.MajesticSpotvPJ.com","Unveiling the beauty of:  Men's Fashion, Books, Women's Fashion .","Majestic Spot@yahoo.com","efd1235842bfed1f3fc3f102fc6a6d1a506c1e92e8059ec82034766bd280a0bc","88302255","Natwest"
"S1212000126977","Harmonious Galaxy","https://www.HarmoniousGalaxyOyD.com","Where tradition meets:  Health & Sports, Kids & Baby .","Harmonious Galaxy@hotmail.com","b2ba5e8cce46b4f063b918c1d6622669a3c05bc43708c7a46eff56895d92b012","46986599","HSBC"
"S1212000127342","Vintage Base","https://www.VintageBase5ZK.com","Crafting memories with:  Appliances, Computing .","Vintage Base@aol.com","8415115acf3efcb2f99b38fdd557f4618f7bcb557df65000f975a39aab79c7b7","92267364","HSBC"
"S1212000128961","Supreme Distributors","https://www.SupremeDistributorsAis.com","Where adventure awaits in:  Mobiles & Tablets, Home & Living .","Supreme Distributors@outlook.com","6cdf533e666daa713aeac1c529d4ddc3c617800996ec2c37f5951751582499a0","00301381","Natwest"
"S1212000129946","Premier Base","https://www.PremierBaseIHw.com","Weaving dreams with:  Home & Living, School & Education, Entertainment .","Premier Base@hotmail.com","f43ce9c362b2ffe5aaa3f73cbbc957e839864e472b576cc905a36d997dcb1358","92459058","HSBC"
"S1212000130891","Reliable Galaxy","https://www.ReliableGalaxyloW.com","Transforming lives through:  Books .","Reliable Galaxy@aol.com","47f9919210c4d846ba6aef500367faa2d7e6fa973de314dc0b00884815c4fc4b","40571833","Santander"
"S1212000131212","Dynamic Galaxy","https://www.DynamicGalaxyICg.com","Discover the world of:  Superstore .","Dynamic Galaxy@outlook.com","97bf855155656cb1776ea99bbb627862a7f7054bfb7180cf4a3f9a2d9bb092a3","89493312","Natwest"
"S1212000132718","Unique Place","https://www.UniquePlaceCST.com","Weaving dreams with:  Kids & Baby, Home & Living .","Unique Place@gmail.com","4f7212c3b5bf01156b2f7b7cb9987ca4bc8b884f38ab98edb0dc3f159c620ff3","34720126","HSBC"
"S1212000133576","Elegant Tower","https://www.ElegantTowerH88.com","Your one-stop shop for:  Appliances, Kids & Baby, School & Education .","Elegant Tower@aol.com","38f620ba9a862be7e7c7fed8ee939ddb9951e313d5bb2c720e007d23f7ecae10","22693701","Lloyds"
"S1212000134250","Fashionable Traders","https://www.FashionableTradersiU0.com","Unlocking the potential of:  Men's Fashion, School & Education, Appliances .","Fashionable Traders@yahoo.com","9e8cd8bdb3a7465c021c0116ff20904ba34f761eec91da95d3d9a3e2f5b7a2a5","39125518","Santander"
"S1212000135765","Eco-friendly Arena","https://www.Eco-friendlyArenaajO.com","A seller that deals with:  Health & Sports .","Eco-friendly Arena@hotmail.com","5d59f8540042ebd6e9ff3e7da6bdb21e350b95f219c2ac9524a10643e56709cd","41412430","Natwest"
"S1212000136713","Smart Place","https://www.SmartPlaceOMX.com","Fulfilling your needs for:  Entertainment, Mobiles & Tablets .","Smart Place@yahoo.com","bf51084fc10b577c5e1bf68f70cb3a943a6cffcd82d7cb7f3696d1e0f38e13e7","52005298","Lloyds"
"S1212000137866","Elite Sanctuary","https://www.EliteSanctuaryR3w.com","Crafting dreams with:  Books .","Elite Sanctuary@gmail.com","1b8e5cc5398fc7d7a6c25ba290ee2bf1d80aa5f4974a70ac65b76f29448ec154","16199714","Natwest"
"S1212000138259","Eco-friendly Spot","https://www.Eco-friendlySpotfFM.com","Transforming lives through:  Mobiles & Tablets, Computing, Kids & Baby .","Eco-friendly Spot@aol.com","ba57242363ee1e87228782e6266f3ff01824ccb90406b16e208ab974c34fd9da","48294049","Lloyds"
"S1212000139490","Elegant Fortress","https://www.ElegantFortress8pz.com","Where adventure awaits in:  Men's Fashion, Entertainment .","Elegant Fortress@yahoo.com","9ed10c9585f370480755d7599abd281df646414886bcedf5eac2a7f7e50b93c2","44719576","Natwest"
"S1212000140254","Smart Base","https://www.SmartBasepbH.com","Elevating your experience with:  Appliances .","Smart Base@aol.com","f274d608a0086bb901973f91018a6434e957d21a60fd0291d719891e76ff6522","84790190","HSBC"
"S1212000141525","Supreme Territory","https://www.SupremeTerritorynDB.com","A seller that deals with:  Mobiles & Tablets, Men's Fashion .","Supreme Territory@gmail.com","0cdfc67ce8e19dac3cd0a380d29c2602219163f87d03c675252fbc29479261ec","22295197","Barclays"
"S1212000142104","Supreme Stores","https://www.SupremeStoresuw5.com","Unveiling the beauty of:  Appliances, Beauty & Grooming, School & Education .","Supreme Stores@gmail.com","397533ec019301d287abe8e7f334a2d037ef705e0249e42884ca169cc8dcfe83","81267448","Natwest"
"S1212000144883","Global Outlet","https://www.GlobalOutletMfd.com","Inspiring greatness with:  Beauty & Grooming, Computing .","Global Outlet@hotmail.com","e8aaab3a79da6e9a3ef4a4a9437b85ba824a0887c99ed1c889680f57a148a595","82150102","Lloyds"
"S1212000145379","Supreme Bazaar","https://www.SupremeBazaarcT6.com","Where innovation thrives:  Men's Fashion .","Supreme Bazaar@yahoo.com","49aaabcf4ee54b0d134ea2e30f22aa0b624f901eb92b3775373e510ece26d107","61117884","Santander"
"S1212000146899","Fantastic Stores","https://www.FantasticStoresYTV.com","Where style meets substance:  Mobiles & Tablets .","Fantastic Stores@gmail.com","475b9155f2b32eb1ef139de6a5b84578224c4c4580890f342939b70c2b2cf994","53292726","HSBC"
"S1212000147888","Splendid Traders","https://www.SplendidTradersjBl.com","Experience the magic of:  Computing .","Splendid Traders@gmail.com","2cde25af7a367d6be2f6dda3ce1355bef4be861824679d4940d8ceb957594e76","82326666","Lloyds"
"S1212000148666","Splendid Tower","https://www.SplendidTowerXca.com","Where style meets substance:  Health & Sports, Superstore, School & Education .","Splendid Tower@gmail.com","d7a6c5ce26d135942802ad1893b4f8255f1c7474c3b3fdefcdded080e85c6efc","57433811","Santander"
"S1212000149942","Opulent Room","https://www.OpulentRoomRWG.com","Inspiring greatness with:  Superstore, Home & Living .","Opulent Room@hotmail.com","f322a9e03800a9224d2a2aab3bd1324eb0a0b2e9e06815ff5917f8b0fa84fc7c","62083801","Barclays"
"S1212000150337","Modern Hive","https://www.ModernHiveJYm.com","Unleashing potential through:  School & Education, Beauty & Grooming, Appliances .","Modern Hive@gmail.com","2dadc2d78a2089a177a69f0aca293b80870b0406a49e43d6ca6607c8b8db64e9","08226731","Santander"
"S1212000151863","Inspiring Empire","https://www.InspiringEmpireXom.com","Where quality meets:  Health & Sports, Computing .","Inspiring Empire@outlook.com","bc9f478b9bed3dfc216b6d88c8a55590735adbb3c9f89447ac5cbdd2ca9248ec","50522843","Natwest"
"S1212000152438","Innovative Hive","https://www.InnovativeHiveTD2.com","Capturing the essence of:  Women's Fashion .","Innovative Hive@yahoo.com","db0c01c4b3413fe43df90b945bc0f7808d95954ede32215904ac75b1dc417030","24262203","HSBC"
"S1212000153138","Stylish Depot","https://www.StylishDepotrRX.com","Where passion meets:  Women's Fashion .","Stylish Depot@gmail.com","eb473b72355e6adf8507177806501d75801995bd8da16e5738f007800be82777","54961790","Barclays"
"S1212000154921","Fashionable Room","https://www.FashionableRoomMzJ.com","Empowering you with:  Mobiles & Tablets, Kids & Baby .","Fashionable Room@gmail.com","5a323aeaa0113cfc01bc66ebf449edc5f677ec63af5a530220ea7bfc76959ecd","94818799","Barclays"
"S1212000155236","Supreme Plaza","https://www.SupremePlazaJ34.com","Setting the standard with:  Mobiles & Tablets, Home & Living .","Supreme Plaza@aol.com","993f6f0e6e8e0d5f06f31ca5729ef90359c39a4d495e43b5c8bb0d794238652f","35678861","Lloyds"
"S1212000156554","Stylish Depot","https://www.StylishDepotcyk.com","Creating wonders with:  Women's Fashion, Books .","Stylish Depot@aol.com","e858e10a2e3acbefb7fb8e4ce5e14fd49528b37229fb6507cb8ed5377e48bc5b","50477308","Lloyds"
"S1212000157837","Quality Cave","https://www.QualityCaveYDp.com","Unlocking the potential of:  Beauty & Grooming .","Quality Cave@hotmail.com","42b54f7d4175bcc1c61402d4a24430aeea1baf0f3f01e281eee8cf59ed7cd663","01139047","Natwest"
"S1212000158659","Exquisite Grove","https://www.ExquisiteGroveUkL.com","Unleash your passion for:  Mobiles & Tablets, Entertainment, Superstore .","Exquisite Grove@hotmail.com","fb70804957e3b40ce4b2b987834cf23dc5a8b2d6ee5b32ac29b341fd256d39c4","71660030","Natwest"
"S1212000159688","Exquisite Boutique","https://www.ExquisiteBoutiqueFEK.com","Bringing joy through:  Appliances, Women's Fashion, Mobiles & Tablets .","Exquisite Boutique@hotmail.com","f7465653e338d4ae355856e29f73d7bcfd0959c523f9879c17e7e57473a4b6ed","41230035","Natwest"
"S1212000160182","Inspiring Haven","https://www.InspiringHavenbvq.com","Unleash your passion for:  Beauty & Grooming, School & Education .","Inspiring Haven@aol.com","1f9f6b301a17900c7f6447c94fb02fd12d15e5632eb7ddd5d4fb512dc53678bc","35833591","Lloyds"
"S1212000161795","Chic Forum","https://www.ChicForumeYo.com","Crafting memories with:  School & Education, Entertainment, Appliances .","Chic Forum@hotmail.com","166324ff7a9bf83a7d064a95a02ed2bff4024f14873b3e22a28f90de15e9875d","70974379","Natwest"
"S1212000162978","Radiant Castle","https://www.RadiantCastleYF9.com","Inspiring greatness with:  Books, Mobiles & Tablets, Men's Fashion .","Radiant Castle@gmail.com","464d6f3fcd86b5f7d6e95d2b9ff52b4d44455b9f2589fb912d0b9c34c93d8c24","15190732","Lloyds"
"S1212000163138","Dynamic Mansion","https://www.DynamicMansionIAv.com","Bringing joy through:  Books, Beauty & Grooming .","Dynamic Mansion@outlook.com","14f50602f56f1e5b3776a7617c43bce64b7dbe28ad02ad3e1f742f3be1a846e7","61070461","Barclays"
"S1212000164295","Perfect Place","https://www.PerfectPlaceyo6.com","Specializing in:  Men's Fashion .","Perfect Place@aol.com","30f047182f5919976fcc777f03086606e7fe4829a5da728f92bfa11417496dd9","57924874","Lloyds"
"S1212000165868","Majestic Mansion","https://www.MajesticMansionIDH.com","Embrace the beauty of:  Beauty & Grooming, Men's Fashion, Mobiles & Tablets .","Majestic Mansion@hotmail.com","fd2d2e5f18b44230ac2c6ec78b87dfd8020e1549b88582c9b0e20a6ffc074346","56009879","HSBC"
"S1212000166779","Fresh Mart","https://www.FreshMarteeg.com","Where innovation thrives:  Mobiles & Tablets, Health & Sports, Superstore .","Fresh Mart@yahoo.com","48e676d65c7f480f58677db27e9e076b219e18f323f454c9c3af9975b0dfa30a","21265160","Santander"
"S1212000167385","Fantastic Haven","https://www.FantasticHavenbpN.com","A seller that deals with:  Appliances, Beauty & Grooming .","Fantastic Haven@gmail.com","f610a6d6bfeae3fb909ccd14cf5c3b5d15c60c85e41770c20fdf4d2da67afecb","97595192","HSBC"
"S1212000168705","Unique Shops","https://www.UniqueShopswwx.com","Finding serenity in:  School & Education, Home & Living, Computing .","Unique Shops@hotmail.com","7bf774097ed7ce6b340320e685558989d08a9744481a6dd14984ef23cc836953","12654083","Natwest"
"S1212000169599","Fantastic Nest","https://www.FantasticNesturs.com","Where happiness resides in:  School & Education .","Fantastic Nest@gmail.com","a74dbe6674008f56a5796a37e8885582207fcdde8ac43daf2c114344a81954b9","41110686","Barclays"
"S1212000170883","Harmonious Nest","https://www.HarmoniousNestis9.com","Empowering you with:  School & Education, Mobiles & Tablets, Women's Fashion .","Harmonious Nest@outlook.com","4180b60ce51292c3394aea06087f895c3345f31bd6e48c67465c7e9e86b87b4f","06820011","HSBC"
"S1212000171443","Creative Plaza","https://www.CreativePlazaTse.com","Elevating your experience with:  School & Education .","Creative Plaza@gmail.com","6239b2e70d2a7b2a52759f33b369eb8be6c92244b11411c52ba48e0474d664bc","25466414","HSBC"
"S1212000172409","Global Outlet","https://www.GlobalOutletSpM.com","Curating the best of:  Men's Fashion, Home & Living .","Global Outlet@outlook.com","935e1795ba4e1b9dc2aeaecee11d5cf01544a3912ae79b50ac0cc5025b415cbb","74893898","Barclays"
"S1212000173558","Flawless Shops","https://www.FlawlessShopsNFV.com","Your one-stop shop for:  Superstore .","Flawless Shops@outlook.com","2e25b3967c14483ecd8f0192f33b639d7e1e698718ebc54ff8333384675cb2da","15250620","Lloyds"
"S1212000174119","Opulent Tower","https://www.OpulentTowerozt.com","Unleash your passion for:  Entertainment, Beauty & Grooming, Kids & Baby .","Opulent Tower@yahoo.com","774fb8810246f0e7b84e524c2d9b733eb1af2fb80d4fdd07e056a1c86d36f0d3","10391734","Barclays"
"S1212000175971","Prime Tower","https://www.PrimeTowerI2E.com","Building a world of:  Home & Living, Mobiles & Tablets, Kids & Baby .","Prime Tower@outlook.com","4fbe0a0119ad609bdd635ddb83bbc6ad3d7431ff4f5cf986be0360809572ee30","54346699","Natwest"
"S1212000176294","Flawless Palace","https://www.FlawlessPalace8xq.com","Where happiness resides in:  Books .","Flawless Palace@hotmail.com","b4175ba7750491ffbcb5288b70fe4694e193e0480fbdb791324a4943a0dd1949","91191405","Santander"
"S1212000177960","Special Spot","https://www.SpecialSpotg4m.com","Transforming lives through:  Home & Living, School & Education .","Special Spot@yahoo.com","2a4ca1ddd1887f3d1577a0213b6cca43e354344b46fca5a467eea6557e6457b9","59761400","Santander"
"S1212000178263","Opulent Spot","https://www.OpulentSpotI51.com","Elevating your experience with:  School & Education .","Opulent Spot@gmail.com","241a1c37561c8949f58e4fec88f7885c3a842810849e9f124c098fbadaa3382b","12519980","Santander"
"S1212000179151","Dynamic Spot","https://www.DynamicSpotmnd.com","Crafting dreams with:  Books, Kids & Baby, School & Education .","Dynamic Spot@aol.com","6e8cd17f3e97e89d2b77b23d3031413fcb65b869e277caa3677d646fb9e944ad","60076732","Lloyds"
"S1212000180975","Exquisite Arena","https://www.ExquisiteArenayC0.com","Inspiring greatness with:  Appliances, Men's Fashion, Health & Sports .","Exquisite Arena@outlook.com","aea181905f26a8de087775b8a158ea63bc65e3c23a1bfdf6ea21d04295d65c47","26796687","Santander"
"S1212000181633","Dynamic Cave","https://www.DynamicCavepOV.com","Explore our selection of:  Superstore .","Dynamic Cave@hotmail.com","f91157617d1edb0e203e46ce29eb9f21e80299b2a9eb52f87cc28217db997459","14590593","Natwest"
"S1212000182276","Premier Shops","https://www.PremierShopsiK1.com","Where elegance meets:  Books .","Premier Shops@aol.com","8fd98e6d6c2cae02c850234369939944470ec57f88f96b19c45a81567e057c19","43379040","HSBC"
"S1212000183653","Elegant Sanctuary","https://www.ElegantSanctuaryvTR.com","Where tradition meets:  Health & Sports, Men's Fashion, School & Education .","Elegant Sanctuary@aol.com","b143bc07e3b90974807f4b6036c3c48b85306f871b8a143e504a1da6e15dff83","81534017","Santander"
"S1212000184926","Splendid Collections","https://www.SplendidCollectionsvxn.com","Bringing you the best in:  Books .","Splendid Collections@hotmail.com","d0f41c71d717facd1112465cbfce5ede0af69fb78a14cc4c2bf105a142f4ab72","28361950","Barclays"
"S1212000185183","Trendy Goods","https://www.TrendyGoodsDS9.com","Unlocking the potential of:  Entertainment, Home & Living .","Trendy Goods@gmail.com","8ed5c7a704783045e3548d303c3c5570b7b3906b998875f28f817d327babe990","47500437","Natwest"
"S1212000186622","Sleek Stores","https://www.SleekStoresZUN.com","Weaving dreams with:  Health & Sports, Kids & Baby .","Sleek Stores@gmail.com","e561b039c34f461fd3cfeaf533051e6bed67844411e34303d9a68481be68a92d","43202861","Lloyds"
"S1212000187732","Special Grove","https://www.SpecialGroveSE2.com","Where beauty blossoms in:  Women's Fashion .","Special Grove@hotmail.com","218f6370de1a3192d75e94a43aba304ebdaafcc69405e643c81c980cb09ea8a5","51086865","Santander"
"S1212000188491","Exquisite Lab","https://www.ExquisiteLabMKh.com","Where passion meets:  Superstore, Mobiles & Tablets, Entertainment .","Exquisite Lab@outlook.com","0c6002d3298d84c61611351cc7448822c75b2a2fc2c85ad01898ca7b8448f97a","32770080","Lloyds"
"S1212000189401","Exquisite Outfitters","https://www.ExquisiteOutfittersUnV.com","Discover the world of:  Superstore .","Exquisite Outfitters@aol.com","a6d9138329a0c9caafe11a5b40be795946c6a14247947a92ad29af0fe7991308","97586718","Lloyds"
"S1212000190696","Modern Merchants","https://www.ModernMerchantsawz.com","Unleashing potential through:  School & Education, Appliances, Beauty & Grooming .","Modern Merchants@yahoo.com","6090d6bbbe3aa33afed66efe1a2ae6ecc63cca66e64fdd1b59c6dc59718a14a1","57687314","Barclays"
"S1212000191976","Inspiring Base","https://www.InspiringBaseTwE.com","Where tradition meets:  Books .","Inspiring Base@gmail.com","3883de3a7ed6a1cbe8cc4b103dc2281423ff9bd9384119b2472a98f2321c8866","86180129","HSBC"
"S1212000192805","Modern Castle","https://www.ModernCastleuqM.com","Forging connections through:  Home & Living .","Modern Castle@hotmail.com","438e6719f106ab6753e1da45f5f350c8d489267a4eabab1d90fdad5e9163b048","61398276","Natwest"
"S1212000193718","Fantastic Castle","https://www.FantasticCastlegSU.com","Crafting dreams with:  Kids & Baby, Entertainment .","Fantastic Castle@hotmail.com","2ca21767f27b88e24df2201d31790fb7ffaa611077e740cc53cf0b532da136d1","85165215","Lloyds"
"S1212000194688","Supreme Market","https://www.SupremeMarketlFT.com","A seller that deals with:  Superstore, School & Education, Books .","Supreme Market@hotmail.com","71d4b23ebfd67f069f262add398c63c629e7eeb0c121bc08cbdbb0737d30b66a","04683907","Natwest"
"S1212000195529","Wholesome Traders","https://www.WholesomeTraderss7s.com","Experience the magic of:  Kids & Baby, Mobiles & Tablets .","Wholesome Traders@outlook.com","943d5d090110d5f4f7f2df353562a43a3a81f24ad5894e0b3f574f1561e8d171","58072949","HSBC"
"S1212000196809","Modern Corner","https://www.ModernCorneryqi.com","Forging connections through:  Health & Sports .","Modern Corner@yahoo.com","a159a883b84a824e2674ecadb47f4bc48d498e93fea570fcb705a164c1ee85bf","00499683","HSBC"
"S1212000197860","Sleek Depot","https://www.SleekDepotS9T.com","Crafting experiences with:  Kids & Baby, Mobiles & Tablets .","Sleek Depot@yahoo.com","17ea4d5baf7ce79c0a5fc171b36031da2059c116b3d81784648dee02951ce467","23067862","Santander"
"S1212000198811","Vintage Base","https://www.VintageBasewEL.com","Setting the standard with:  School & Education, Books .","Vintage Base@outlook.com","1bc5ed2299c4c79a46b7c5d23e70f5d3b4b012181b073f7ab8d0e5299fabc249","64433591","Natwest"
"S1212000199527","Fresh Room","https://www.FreshRoomGp7.com","Weaving dreams with:  Home & Living .","Fresh Room@aol.com","e89d8bb6ebf7ed27e914a6d169b457ffb868191dd2a6fad98fcc0c132ed75511","79545470","Santander"
"S1212000200771","Luxury Coast","https://www.LuxuryCoasthej.com","Enabling your journey with:  Health & Sports .","Luxury Coast@hotmail.com","483631bfe7ec8442c44377e5defce70e4c4726c762c2e02856cc769ffea35fac","97760697","Santander"
